Sex,NumVics,Age1stKill,AgeLastKill,Age Group,# Male,# Female,Race of Victim,# White,# Black,# Hisp,#Asian,AgeKill,AgeSeries,,,,,,,
1,17,19,20,20,0,17,1,17,0,0,0,19,19,,,,,,,
1,12,23,23,20,3,3,1,12,0,0,0,23,23,,,,,,,
1,2,21,37,20,2,0,1,2,0,0,0,21,21,,,,,,,
1,11,21,30,20,,,,,,,,,,,,,,,,
1,2,20,22,20,2,0,7,1,1,0,0,20,20,,,,,,,
1,3,30,50,30,,,,,,,,,,,,,,,,
1,28,18,25,10,20,8,1,28,0,0,0,18,18,,,,,,,
1,2,41,52,40,0,2,1,2,0,0,0,41,41,,,,,,,
1,4,15,35,10,1,3,1,3,0,0,0,15,15,,,,,,,
1,3,20,46,20,1,2,1,3,0,0,0,20,20,,,,,,,
1,2,37,37,30,2,0,7,1,0,1,0,37,37,,,,,,,
1,5,32,33,30,5,0,2,0,5,0,0,32,32,,,,,,,
2,18,23,24,20,,,,,,,,23,23,,,,,,,
1,10,45,47,40,,,3,0,0,10,0,45,45,,,,,,,
1,2,30,30,30,0,2,1,2,0,0,0,30,30,,,,,,,
1,3,20,27,20,0,3,7,0,2,1,0,20,20,,,,,,,
1,30,16,19,10,,,3,0,0,30,0,16,16,,,,,,,
2,2,18,18,10,2,0,7,1,0,1,0,18,18,,,,,,,
1,2,28,28,20,2,0,7,1,0,1,0,28,28,,,,,,,
1,2,27,27,20,0,2,1,2,0,0,0,27,27,,,,,,,
1,4,28,41,20,0,4,1,4,0,0,0,28,28,,,,,,,
1,2,28,45,20,1,1,7,1,0,1,0,28,28,,,,,,,
1,3,41,80,40,3,0,1,2,0,0,0,41,41,,,,,,,
1,3,27,27,20,1,2,1,3,0,0,0,27,27,,,,,,,
1,3,24,24,20,3,0,1,3,0,0,0,24,24,,,,,,,
1,2,18,24,10,2,0,1,2,0,0,0,18,18,,,,,,,
1,7,33,34,30,7,0,1,7,0,0,0,33,33,,,,,,,
1,2,39,44,30,2,0,1,2,0,0,0,39,39,,,,,,,
1,3,28,55,30,0,3,,,,,, , ,,,,,,,
1,160,47,57,40,,,1,,0,0,0,47,47,,,,,,,
1,3,30,34,30,3,0,7,1,,1,,30,30,,,,,,,
1,3,32,43,30,2,1,1,3,0,0,0,32,32,,,,,,,
1,3,22,30,20,3,0,2,0,3,0,0,22,22,,,,,,,
1,20,42,43,40,,,2,0,20,0,0,42,42,,,,,,,
1,3,21,22,20,3,0,7,,1,1,0,21,21,,,,,,,
1,4,15,18,10,4,0,7,1,1,,,15,15,,,,,,,
1,,20,23,20,,,1,,,,, , ,,,,,,,
2,2,29,29,20,2,0,1,2,0,0,0,29,29,,,,,,,
1,3,46,67,40,3,0,1,3,0,0,0,46,46,,,,,,,
1,2,18,21,10,2,0,2,0,2,0,0,18,18,,,,,,,
1,2,18,29,10,2,0,1,2,0,0,0,18,18,,,,,,,
1,2,17,24,10,2,0,,1,,,,17,17,,,,,,,
1,3,16,16,10,2,1,3,0,0,3,0,16,16,,,,,,,
1,4,27,27,20,1,3,7,0,1,3,0,27,27,,,,,,,
2,40,40,51,40,,,3,0,0,40,0,40,40,,,,,,,
1,3,42,44,40,0,3,4,0,0,0,3,42,42,,,,,,,
1,4,31,50,40,,,,,,,, , ,,,,,,,
1,2,29,29,20,2,0,2,0,2,0,0,29,29,,,,,,,
1,11,19,19,10,12,1,7,3,0,6,2,19,19,,,,,,,
1,3,21,21,20,0,3,1,3,0,0,0,21,21,,,,,,,
1,18,33,34,30,1,,1,1,,,,33,33,,,,,,,
1,5,17,20,10,1,4,1,5,0,0,0,17,17,,,,,,,
1,5,19,29,20,,,1,5,0,0,0, , ,,,,,,,
1,5,30,50,30,1,4,1,5,0,0,0, , ,,,,,,,
2,49,24,55,20,,,,,,,, , ,,,,,,,
1,3,26,56,20,1,2,2,0,3,0,0,26,26,,,,,,,
1,2,30,48,30,0,2,7,1,0,1,0,30,30,,,,,,,
1,3,43,43,40,1,2,1,3,0,0,0,43,43,,,,,,,
1,4,21,22,20,3,1,8,0,0,0,0, , ,,,,,,,
1,2,30,34,30,2,0,7,1,1,0,0,30,30,,,,,,,
1,3,57,57,50,0,3,7,2,1,0,0,57,57,,,,,,,
1,3,21,22,20,1,2,,,,,,21,21,,,,,,,
1,9,27,35,20,0,9,1,8,0,0,0,27,27,,,,,,,
1,2,30,36,30,2,0,3,0,0,2,0,30,30,,,,,,,
1,2,20,27,20,2,0,1,2,0,0,0,20,20,,,,,,,
1,2,23,24,20,0,2,7,1,0,0,1,23,23,,,,,,,
2,15,22,24,20,15,0,7,1,0,14,0,22,22,,,,,,,
1,6,20,29,20,0,6,1,6,0,0,0,20,20,,,,,,,
1,4,26,28,20,2,2,7,1,2,,,26,26,,,,,,,
1,3,21,21,20,3,0,2,0,3,0,0,21,21,,,,,,,
1,2,24,32,20,,1,,1,,,,24,24,,,,,,,
1,2,23,31,20,0,2,7,0,0,1,1,23,23,,,,,,,
1,2,30,45,40,1,,,,1,,, , ,,,,,,,
1,13,34,43,30,2,1,4,0,0,0,13,34,34,,,,,,,
1,9,23,24,20,0,9,4,0,0,0,9,23,23,,,,,,,
1,4,22,22,20,4,0,7,0,3,1,0,22,22,,,,,,,
1,6,30,30,30,,,4,0,0,0,6,30,30,,,,,,,
1,6,20,40,20,,,1,6,0,0,0, , ,,,,,,,
2,3,36,51,30,2,1,1,3,0,0,0,36,36,,,,,,,
1,3,30,40,30,3,0,7,2,1,0,0, , ,,,,,,,
1,4,44,50,40,2,2,7,3,0,1,0,44,44,,,,,,,
1,3,25,38,20,0,3,1,3,0,0,0,25,38,,,,,,,
1,3,19,34,10,3,0,7,1,1,,,19,19,,,,,,,
2,3,18,18,10,1,2,1,3,0,0,0,18,18,,,,,,,
1,3,29,29,20,1,2,1,3,0,0,0,29,29,,,,,,,
1,3,18,19,10,3,0,2,0,3,0,0,18,18,,,,,,,
1,4,22,22,20,3,1,7,3,1,0,0,22,22,,,,,,,
2,2,37,41,30,2,0,1,2,0,0,0,37,37,,,,,,,
2,2,21,29,20,0,2,2,0,2,0,0,21,21,,,,,,,
1,10,33,38,30,0,10,1,10,0,0,0,33,33,,,,,,,
2,2,26,45,20,2,0,2,0,2,0,0,26,26,,,,,,,
2,13,22,22,20,2,2,,,,,,22,22,,,,,,,
1,3,15,24,10,2,1,7,2,1,0,0,15,15,,,,,,,
1,3,18,19,10,0,3,1,3,0,0,0,18,18,,,,,,,
1,3,19,20,10,1,2,7,1,2,0,0,19,19,,,,,,,
1,4,21,24,20,0,4,2,0,4,0,0,21,21,,,,,,,
1,2,23,55,20,2,0,7,1,0,1,0,23,23,,,,,,,
1,5,21,21,20,5,0,3,0,0,5,0,21,21,,,,,,,
1,2,19,19,10,2,0,7,0,1,1,0,19,19,,,,,,,
1,3,26,26,20,0,2,1,2,0,0,0,26,26,,,,,,,
1,70,26,30,20,,,3,,,,,26,26,,,,,,,
1,3,55,56,50,3,0,3,0,0,3,0,55,55,,,,,,,
1,3,19,20,10,3,0,7,2,0,1,0,19,19,,,,,,,
1,14,43,44,40,14,0,1,14,0,0,0,43,43,,,,,,,
1,3,21,30,20,1,2,2,0,3,0,0,21,21,,,,,,,
1,4,36,51,30,0,4,1,4,0,0,0,36,36,,,,,,,
2,2,53,54,50,2,0,4,0,0,0,2,53,53,,,,,,,
1,22,32,32,30,,,1,22,0,0,0,32,32,,,,,,,
1,8,32,33,30,6,2,1,8,0,0,0,32,32,,,,,,,
1,2,39,45,40,2,0,1,2,0,0,0, , ,,,,,,,
1,2,27,38,20,0,2,7,1,0,0,0,27,27,,,,,,,
1,6,36,37,30,1,4,1,6,0,0,0,36,36,,,,,,,
1,3,24,25,20,1,2,2,0,3,0,0,24,24,,,,,,,
1,3,25,53,20,0,3,1,3,0,0,0,25,25,,,,,,,
1,2,27,28,20,0,2,1,2,0,0,0,27,27,,,,,,,
1,3,32,33,30,0,3,7,1,2,0,0,32,32,,,,,,,
1,4,24,24,20,3,1,1,4,0,0,0,24,24,,,,,,,
1,3,29,29,20,2,1,7,2,1,0,0,29,29,,,,,,,
1,5,19,19,10,4,1,7,2,2,1,0,19,19,,,,,,,
1,3,33,70,30,1,1,,1,,,,33,33,,,,,,,
1,3,18,18,10,3,0,7,2,1,0,0,18,18,,,,,,,
1,6,22,23,20,5,0,2,0,6,0,0,22,22,,,,,,,
1,2,29,30,20,1,1,1,2,0,0,0,29,29,,,,,,,
1,2,18,18,10,2,0,,,1,,,18,18,,,,,,,
1,2,24,39,20,2,0,1,2,0,0,0,24,24,,,,,,,
1,3,21,22,20,1,2,7,1,1,1,0,21,21,,,,,,,
1,2,24,26,20,0,2,1,2,0,0,0,24,24,,,,,,,
1,3,34,34,30,2,1,1,3,0,0,0,34,34,,,,,,,
1,3,24,26,20,2,1,1,3,0,0,0,24,24,,,,,,,
1,4,15,35,10,1,3,7,2,2,0,0,15,15,,,,,,,
1,4,41,44,40,2,2,1,4,0,0,0,41,41,,,,,,,
1,14,24,25,20,14,0,3,0,0,14,0,24,24,,,,,,,
1,7,49,55,40,0,7,1,7,0,0,0,49,49,,,,,,,
1,2,31,37,30,0,2,5,0,0,0,0,31,31,,,,,,,
1,4,16,29,10,3,1,7,1,1,,0,16,16,,,,,,,
1,5,19,20,10,4,1,7,2,2,1,0,19,19,,,,,,,
2,2,16,30,10,1,1,1,2,0,0,0,16,16,,,,,,,
1,4,44,45,40,1,3,1,4,0,0,0,44,44,,,,,,,
1,3,17,27,10,3,0,2,0,3,0,0,17,17,,,,,,,
1,7,26,46,20,1,6,7,5,1,0,0,26,26,,,,,,,
2,2,58,58,50,0,2,1,2,0,0,0,58,58,,,,,,,
1,10,25,25,20,7,3,1,9,0,0,0,25,25,,,,,,,
2,3,36,39,30,3,0,1,3,0,0,0,36,36,,,,,,,
2,8,22,23,20,,,,,,,,22,22,,,,,,,
1,9,20,30,20,,,1,,,,,,,,,,,,,
1,6,18,18,10,4,2,1,6,0,0,0,18,18,,,,,,,
1,4,22,22,20,4,0,3,0,0,4,0,22,22,,,,,,,
1,5,29,29,20,4,1,7,3,2,0,0,29,29,,,,,,,
1,2,53,53,50,0,2,2,0,2,0,0,53,53,,,,,,,
2,50,19,29,10,,,1,50,0,0,0,,,,,,,,,
1,3,20,21,20,0,3,7,2,0,1,0,20,20,,,,,,,
1,2,23,30,20,,,4,0,0,0,2,,,,,,,,,
1,2,18,34,10,1,1,3,0,0,2,0,18,18,,,,,,,
1,115,21,29,20,,,3,0,0,115,0,21,21,,,,,,,
1,3,33,36,30,0,3,1,3,0,0,0,33,33,,,,,,,
1,3,37,39,30,0,3,1,3,0,0,0,37,37,,,,,,,
1,6,35,54,30,3,3,1,6,0,0,0,35,35,,,,,,,
2,7,36,42,30,5,2,1,7,0,0,0,36,36,,,,,,,
1,2,15,16,10,1,1,1,2,0,0,0,15,15,,,,,,,
1,2,20,21,20,1,1,3,0,0,2,0,20,20,,,,,,,
1,4,30,30,30,0,4,1,4,0,0,0,30,30,,,,,,,
1,8,21,21,20,0,8,2,0,8,0,0,21,21,,,,,,,
1,4,21,21,20,3,1,1,4,0,0,0,21,21,,,,,,,
1,2,32,36,30,1,1,3,0,0,2,0,32,32,,,,,,,
1,3,17,21,10,0,3,1,3,0,0,0,17,17,,,,,,,
1,3,23,26,20,3,0,7,,1,1,,23,23,,,,,,,
1,6,18,26,10,0,6,7,2,3,,,18,18,,,,,,,
1,4,33,34,30,0,4,1,4,0,0,0,33,33,,,,,,,
1,3,21,29,20,0,2,1,2,,,,21,21,,,,,,,
1,2,24,36,20,1,1,7,0,1,1,0,24,24,,,,,,,
1,2,24,31,20,2,0,1,2,0,0,0,24,24,,,,,,,
1,3,19,29,10,0,3,1,3,0,0,0,19,19,,,,,,,
1,2,27,50,20,0,2,,,1,,0,27,27,,,,,,,
1,2,19,20,10,2,0,1,2,0,0,0,19,19,,,,,,,
1,2,28,32,20,0,2,7,1,0,0,0,28,28,,,,,,,
2,2,30,34,30,1,1,7,1,1,0,0,30,30,,,,,,,
1,2,22,22,20,2,0,1,2,0,0,0,22,22,,,,,,,
1,6,39,39,30,0,6,3,0,0,6,0,39,39,,,,,,,
1,2,35,40,30,1,1,1,2,0,0,0,35,35,,,,,,,
1,7,25,49,20,4,3,1,6,0,0,0,25,25,,,,,,,
1,8,48,49,40,1,7,3,0,0,8,0,48,48,,,,,,,
1,3,40,43,40,0,3,2,0,3,0,0,40,40,,,,,,,
1,2,28,48,20,0,2,1,2,0,0,0,,,,,,,,,
2,4,29,32,20,,,1,4,0,0,0,29,29,,,,,,,
1,3,48,51,40,,,4,0,0,0,3,48,48,,,,,,,
1,2,18,18,10,1,1,7,0,1,1,0,18,18,,,,,,,
1,4,23,23,20,0,4,1,2,0,0,0,23,23,,,,,,,
1,2,32,41,30,0,2,1,2,0,0,0,32,32,,,,,,,
1,2,16,18,10,2,0,7,1,1,0,0,16,16,,,,,,,
1,3,19,31,10,0,9,,,,0,0,19,19,,,,,,,
1,2,30,32,30,0,2,1,2,0,0,0,30,30,,,,,,,
1,11,30,31,30,0,9,3,0,0,9,0,30,30,,,,,,,
1,2,28,28,20,2,0,1,2,0,0,0,28,28,,,,,,,
1,2,29,29,20,2,0,7,1,0,1,0,29,29,,,,,,,
1,2,24,24,20,2,0,,,,,,24,24,,,,,,,
2,3,19,26,20,,,1,3,0,0,0, , ,,,,,,,
1,11,22,23,20,0,11,2,0,11,0,0,22,22,,,,,,,
1,3,23,38,20,2,1,7,2,1,0,0,23,23,,,,,,,
2,9,21,21,20,6,3,1,9,0,0,0,21,21,,,,,,,
1,4,40,44,40,0,4,1,4,0,0,0,40,40,,,,,,,
1,2,26,41,20,0,2,1,2,0,0,0,26,26,,,,,,,
1,2,27,29,20,2,0,,,,,,27,27,,,,,,,
1,3,20,22,20,3,0,2,0,3,0,0,20,20,,,,,,,
1,3,20,20,20,0,3,1,3,0,0,0,20,20,,,,,,,
1,2,27,27,20,0,2,7,1,1,0,0,27,27,,,,,,,
1,5,26,28,20,0,5,3,0,0,5,0,28,28,,,,,,,
1,2,33,56,30,0,2,1,2,0,0,0,33,33,,,,,,,
1,2,18,26,10,2,0,1,2,0,0,0,18,18,,,,,,,
1,2,68,68,60,2,0,1,2,0,0,0,68,68,,,,,,,
1,3,35,35,30,2,0,2,0,3,0,0,35,35,,,,,,,
1,2,21,32,20,0,2,3,0,0,2,0,21,21,,,,,,,
1,3,23,26,20,2,0,,,1,,,23,23,,,,,,,
1,8,17,23,10,0,8,1,8,0,0,0,,,,,,,,,
1,2,32,43,30,2,0,1,2,0,0,0,32,32,,,,,,,
1,7,23,29,20,2,5,4,0,0,0,7, , ,,,,,,,
1,2,25,36,20,2,0,1,2,0,0,0,25,25,,,,,,,
2,3,19,19,10,2,1,1,3,0,0,0,19,19,,,,,,,
1,2,19,32,10,1,1,1,2,0,0,0,19,19,,,,,,,
1,4,28,41,20,2,2,1,4,0,0,0,28,38,,,,,,,
1,14,32,49,30,14,0,4,0,0,0,14,32,32,,,,,,,
1,21,22,30,20,21,0,4,0,0,0,21, , ,,,,,,,
1,16,17,25,10,0,16,4,0,0,0,16, , ,,,,,,,
1,15,38,39,30,15,0,4,0,0,0,15,38,38,,,,,,,
1,3,31,32,30,3,0,1,3,0,0,0,31,31,,,,,,,
1,2,36,59,30,1,1,2,0,2,0,0,36,36,,,,,,,
1,3,31,31,30,1,2,1,3,0,0,0,31,31,,,,,,,
1,2,21,21,20,1,1,1,2,0,0,0,21,21,,,,,,,
1,2,17,17,10,2,0,2,0,2,0,0,17,17,,,,,,,
1,6,28,31,20,,,,,,,,28,28,,,,,,,
1,10,17,22,10,11,0,7,8,0,0,2,16,16,,,,,,,
1,2,22,22,20,2,0,1,2,0,0,0,22,22,,,,,,,
1,3,19,19,10,1,2,1,3,0,0,0,19,19,,,,,,,
1,67,20,25,20,,,2,67,0,0,0,,,,,,,,,
1,4,29,31,20,0,4,2,0,4,0,0,29,29,,,,,,,
1,5,23,29,20,1,4,1,5,0,0,0,23,23,,,,,,,
1,11,20,30,30,,,3,0,0,11,0,20,30,,,,,,,
1,2,19,19,10,2,0,2,0,2,0,0,19,19,,,,,,,
1,4,29,31,20,0,4,1,4,0,0,0,29,29,,,,,,,
1,3,29,30,20,0,3,,,,,,,,,,,,,,
1,3,41,42,40,0,3,1,3,0,0,0,41,41,,,,,,,
1,2,31,31,30,1,1,1,2,0,0,0,31,31,,,,,,,
1,5,18,36,10,4,1,1,5,0,0,0,18,18,,,,,,,
1,3,21,35,20,1,2,3,0,0,3,0,21,21,,,,,,,
1,70,23,33,20,70,0,3,0,0,70,0,23,23,,,,,,,
1,3,16,16,10,3,0,5,0,0,0,0,16,16,,,,,,,
1,5,66,77,60,1,4,1,5,0,0,0,,,,,,,,,
1,3,28,,20,3,0,2,0,3,0,0,28,28,,,,,,,
1,2,24,25,20,0,2,1,2,0,0,0,24,24,,,,,,,
1,5,21,25,20,,,1,5,0,0,0, , ,,,,,,,
1,14,18,18,10,7,6,,,,,,18,18,,,,,,,
1,33,15,20,10,33,0,4,0,0,0,33,,,,,,,,,
1,2,25,26,20,1,1,7,1,0,0,1,25,25,,,,,,,
1,3,37,37,30,1,2,,,2,,,37,37,,,,,,,
1,3,30,30,30,3,0,2,0,3,0,0,30,30,,,,,,,
1,6,22,45,20,2,4,2,0,6,0,0,22,22,,,,,,,
1,5,16,16,10,1,4,1,5,0,0,0,16,16,,,,,,,
1,4,40,43,40,0,4,3,0,0,4,0,,,,,,,,,
1,3,46,46,40,3,0,3,0,0,3,0,46,46,,,,,,,
1,10,,23,20,0,10,4,0,0,0,10, , ,,,,,,,
2,11,40,48,40,0,11,3,0,0,11,0,40,40,,,,,,,
1,8,27,34,20,,,1,8,0,0,0,27,27,,,,,,,
1,4,22,24,20,1,3,7,3,,1,0,22,22,,,,,,,
1,3,45,50,40,0,3,1,3,0,0,0,45,45,,,,,,,
1,71,43,57,40,0,71,3,0,0,71,0,43,43,,,,,,,
1,4,18,20,10,,,,,,,,,,,,,,,,
1,2,26,36,20,2,0,2,0,2,0,0,26,26,,,,,,,
2,7,36,45,30,5,2,1,7,0,0,0,36,36,,,,,,,
1,2,21,22,20,2,0,7,1,0,1,0,21,21,,,,,,,
1,3,23,37,20,0,3,1,3,0,0,0,23,23,,,,,,,
1,3,25,26,20,0,3,1,3,0,0,0,25,25,,,,,,,
2,20,18,18,10,21,33,7,10,53,0,0,18,18,,,,,,,
1,3,18,30,10,,,,,,,,18,18,,,,,,,
1,2,41,55,40,1,1,1,2,0,0,0,41,41,,,,,,,
1,2,55,55,50,2,0,5,0,0,0,0,55,55,,,,,,,
1,3,44,44,40,0,3,2,0,3,0,0,44,44,,,,,,,
1,2,26,35,20,0,2,1,2,0,0,0,26,26,,,,,,,
1,2,18,20,10,2,0,7,1,1,0,0,18,18,,,,,,,
2,3,18,20,10,3,0,1,3,0,0,0,18,18,,,,,,,
1,6,22,26,20,5,1,2,0,6,0,0,22,22,,,,,,,
1,5,18,32,10,0,5,1,5,0,0,0,18,30,,,,,,,
1,3,22,22,20,2,1,1,3,0,0,0,22,22,,,,,,,
1,9,25,26,20,3,0,1,3,0,0,0,25,25,,,,,,,
1,2,34,35,30,1,1,3,0,0,2,0,34,34,,,,,,,
1,2,33,47,30,,,,,,,,,,,,,,,,
1,3,28,64,20,0,3,1,3,0,0,0,28,28,,,,,,,
1,2,27,27,20,0,2,1,2,0,0,0,27,27,,,,,,,
1,2,31,37,30,0,2,1,2,0,0,0,31,31,,,,,,,
1,4,22,22,20,6,0,7,1,1,2,0,22,22,,,,,,,
1,3,32,34,30,0,3,7,2,1,0,0,32,32,,,,,,,
1,4,30,33,30,1,3,1,4,0,0,0,30,30,,,,,,,
1,11,22,25,20,11,0,1,11,0,0,0,22,22,,,,,,,
2,25,20,50,30,,,1,25,0,0,0, , ,,,,,,,
1,2,17,33,10,0,2,1,2,0,0,0,17,17,,,,,,,
1,14,38,44,30,9,5,7,10,1,0,1,38,38,,,,,,,
1,4,15,19,10,4,0,1,4,0,0,0,15,15,,,,,,,
1,2,26,27,20,0,2,1,2,0,0,0,26,26,,,,,,,
1,3,30,43,30,2,1,7,2,0,0,1,30,30,,,,,,,
1,6,30,30,30,6,0,1,6,0,0,0,30,30,,,,,,,
1,2,35,35,30,2,0,1,2,0,0,0,35,35,,,,,,,
1,8,23,25,20,7,1,1,8,0,0,0,23,23,,,,,,,
2,3,13,30,10,2,1,1,3,0,0,0,13,13,,,,,,,
2,4,34,39,30,0,4,1,4,0,0,0,,,,,,,,,
1,3,22,22,20,2,1,2,0,3,0,0,22,22,,,,,,,
1,7,32,37,30,7,0,1,7,0,0,0,32,32,,,,,,,
1,80,24,50,20,0,80,1,80,0,0,0,24,24,,,,,,,
1,3,22,28,20,0,3,1,3,0,0,0,22,22,,,,,,,
1,4,25,58,20,3,1,1,4,0,0,0,25,25,,,,,,,
1,2,24,32,20,1,1,2,0,2,0,0,24,24,,,,,,,
1,3,28,53,20,1,2,1,3,0,0,0,28,28,,,,,,,
1,18,33,47,30,18,0,7,17,0,1,0,33,33,,,,,,,
1,2,31,39,30,1,1,1,2,0,0,0,31,31,,,,,,,
1,3,18,21,10,0,3,7,2,1,0,0,18,18,,,,,,,
1,3,14,18,10,2,1,1,3,0,0,0,14,14,,,,,,,
1,5,56,56,50,5,0,1,5,0,0,0,56,56,,,,,,,
1,2,36,36,30,2,0,1,2,0,0,0,36,36,,,,,,,
1,3,20,21,20,0,3,1,3,0,0,0,20,20,,,,,,,
1,5,25,25,20,3,2,1,5,0,0,0,25,25,,,,,,,
1,1000,20,25,20,,,1,,0,0,0, , ,,,,,,,
1,3,26,37,20,0,3,1,3,0,0,0,26,26,,,,,,,
1,3,52,52,50,3,0,1,3,0,0,0,52,52,,,,,,,
1,2,30,39,30,1,1,1,2,0,0,0,30,30,,,,,,,
1,3,33,35,30,2,1,2,0,3,0,0,33,33,,,,,,,
1,3,20,27,20,0,3,1,3,0,0,0,20,20,,,,,,,
2,5,28,28,20,0,4,1,5,0,0,0,28,28,,,,,,,
2,5,53,54,50,,,1,5,0,0,0,53,53,,,,,,,
2,12,55,59,50,2,10,1,12,0,0,0,55,55,,,,,,,
1,2,39,39,30,0,2,7,1,0,1,0,39,39,,,,,,,
1,2,41,43,40,0,2,1,2,0,0,0,41,41,,,,,,,
2,2,44,46,40,2,0,1,2,0,0,0,44,44,,,,,,,
1,2,26,38,20,2,0,1,2,0,0,0,26,26,,,,,,,
1,125,25,75,20,,,4,0,0,0,125,25,25,,,,,,,
1,20,30,38,30,0,20,3,0,0,20,0,,,,,,,,,
1,4,24,24,20,4,0,2,0,4,0,0,24,24,,,,,,,
1,3,17,30,10,0,3,1,3,0,0,0,17,17,,,,,,,
1,11,32,39,30,1,10,1,11,0,0,0,32,32,,,,,,,
2,2,59,64,50,2,0,1,2,0,0,0,59,59,,,,,,,
1,3,35,35,30,0,3,1,3,0,0,0,35,35,,,,,,,
2,2,10,11,10,2,0,1,2,0,0,0,10,10,,,,,,,
1,5,18,23,10,3,2,2,0,5,0,0,18,18,,,,,,,
1,2,29,29,20,2,0,7,1,1,0,0,29,29,,,,,,,
1,5,19,19,10,4,1,2,0,5,0,0,19,19,,,,,,,
1,3,18,36,10,0,3,1,3,0,0,0,18,18,,,,,,,
1,5,22,36,20,0,5,1,5,0,0,0,22,33,,,,,,,
1,3,15,23,10,3,0,1,3,0,0,0,15,15,,,,,,,
1,8,19,30,10,5,3,1,8,0,0,0,19,29,,,,,,,
1,3,16,16,10,3,0,5,0,0,0,0,16,16,,,,,,,
1,11,20,22,20,10,1,1,11,0,0,0, , ,,,,,,,
1,11,18,20,20,10,1,1,11,0,0,0, , ,,,,,,,
2,11,30,32,30,10,1,1,11,0,0,0, , ,,,,,,,
2,11,53,55,50,10,1,1,11,0,0,0,53,53,,,,,,,
1,9,21,22,20,9,0,7,1,,4,,21,21,,,,,,,
1,2,27,27,20,0,2,1,2,0,0,0,27,27,,,,,,,
1,2,22,23,20,0,2,1,2,0,0,0,22,22,,,,,,,
1,2,24,24,20,2,0,2,0,2,0,0,24,24,,,,,,,
1,2,40,51,40,1,1,1,2,0,0,0,40,40,,,,,,,
1,2,29,50,20,1,,,1,,,,29,29,,,,,,,
1,2,33,36,30,0,2,1,2,0,0,0,33,33,,,,,,,
1,2,22,22,20,2,0,2,0,2,0,0,22,22,,,,,,,
1,2,26,37,20,2,0,1,2,0,0,0,26,26,,,,,,,
1,11,19,19,10,0,11,1,11,0,0,0, , ,,,,,,,
1,6,35,38,30,6,0,1,6,0,0,0,35,35,,,,,,,
2,20,,44,,0,20,3,0,0,20,0,,,,,,,,,
1,5,18,26,10,0,5,1,5,0,0,0,18,18,,,,,,,
1,4,23,36,20,0,4,1,4,0,0,0,23,,,,,,,,
1,2,24,24,20,2,0,1,2,0,0,0,24,24,,,,,,,
1,3,30,30,30,,1,1,3,0,0,0,30,30,,,,,,,
1,8,26,35,20,2,1,1,3,0,0,0,26,26,,,,,,,
1,6,23,24,20,1,5,1,6,0,0,0,23,23,,,,,,,
1,12,17,20,10,0,9,1,9,0,0,0,17,17,,,,,,,
1,34,37,41,30,34,0,3,0,0,34,0,37,37,,,,,,,
1,3,32,32,30,3,0,7,1,1,,,32,32,,,,,,,
1,4,26,27,20,0,4,1,4,0,0,0,26,26,,,,,,,
1,2,42,43,30,0,2,1,2,0,0,0,42,42,,,,,,,
1,7,,30,,0,7,3,0,0,7,0, , ,,,,,,,
1,3,19,19,10,2,1,2,0,3,0,0,19,19,,,,,,,
2,2,25,33,20,1,1,2,0,2,0,0,25,25,,,,,,,
1,4,24,26,20,0,4,1,4,0,0,0,24,24,,,,,,,
2,13,30,53,30,4,6,1,13,0,0,0,30,30,,,,,,,
2,3,45,51,40,3,0,1,3,0,0,0,45,45,,,,,,,
1,6,30,30,30,0,6,2,0,6,0,0,30,30,,,,,,,
1,20,34,44,30,2,2,3,0,0,20,0,34,34,,,,,,,
1,3,40,40,40,3,0,7,2,0,1,0,40,40,,,,,,,
1,2,17,18,10,0,2,3,1,1,0,0,17,17,,,,,,,
1,3,21,21,20,3,0,7,1,2,0,0,21,21,,,,,,,
1,11,30,30,30,11,0,3,0,0,11,0,30,30,,,,,,,
1,20,,,,0,20,3,0,0,20,0,,,,,,,,,
1,5,35,37,30,5,0,4,0,0,0,5,35,35,,,,,,,
1,4,38,38,30,3,1,4,0,0,0,4,30,38,,,,,,,
2,3,35,37,30,,,1,3,0,0,0,35,35,,,,,,,
1,12,26,27,20,0,12,7,10,1,1,0,26,26,,,,,,,
1,4,27,31,20,1,3,1,4,0,0,0,27,27,,,,,,,
1,50,36,39,30,0,50,1,50,0,0,0,36,36,,,,,,,
1,3,32,32,30,3,0,7,1,,1,0,32,32,,,,,,,
1,5,19,22,20,5,0,1,5,0,0,0,19,19,,,,,,,
1,6,18,42,10,2,4,1,5,0,0,0,18,41,,,,,,,
1,4,32,40,30,2,2,1,4,0,0,0,32,32,,,,,,,
1,3,35,61,30,0,3,1,3,0,0,0,35,35,,,,,,,
1,2,42,53,40,0,2,2,0,2,0,0,42,42,,,,,,,
1,21,29,29,20,21,0,4,0,0,0,21,29,29,,,,,,,
1,17,46,46,40,8,9,1,17,0,0,0,46,46,,,,,,,
2,3,50,51,40,2,1,1,3,0,0,0,50,50,,,,,,,
1,3,19,37,10,2,1,7,1,2,0,0,19,19,,,,,,,
1,5,30,30,30,5,0,7,0,1,4,0,30,30,,,,,,,
1,26,,,,,,1,26,0,0,0,,,,,,,,,
1,6,32,48,30,,,7,,,,,32,32,,,,,,,
1,27,26,47,30,9,9,7,17,1,0,0,26,26,,,,,,,
1,2,18,36,10,2,0,7,1,0,1,0,18,18,,,,,,,
1,2,31,31,30,2,0,7,0,1,1,0,31,31,,,,,,,
2,4,35,35,30,0,4,1,4,0,0,0,35,35,,,,,,,
1,4,35,35,30,0,4,1,4,0,0,0,35,35,,,,,,,
1,7,34,34,30,5,2,1,6,0,0,0,34,34,,,,,,,
1,5,38,38,30,0,5,1,5,0,0,0,38,38,,,,,,,
2,4,21,44,20,3,1,7,3,0,0,1,21,21,,,,,,,
1,5,27,30,20,5,0,1,5,0,0,0,27,27,,,,,,,
1,18,44,44,40,1,,,1,,,,44,44,,,,,,,
1,3,33,33,30,2,1,1,3,0,0,0,33,33,,,,,,,
1,6,47,56,40,6,0,1,6,0,0,0,47,47,,,,,,,
1,5,38,39,30,0,5,1,5,0,0,0,38,38,,,,,,,
2,7,,,,7,0,1,7,0,0,0, , ,,,,,,,
1,2,27,27,20,0,2,1,2,0,0,0,27,27,,,,,,,
1,4,17,27,10,3,1,1,4,0,0,0,17,17,,,,,,,
1,3,31,32,30,0,3,1,3,0,0,0,31,31,,,,,,,
1,6,20,54,20,4,2,1,6,0,0,0,20,20,,,,,,,
1,2,18,32,10,2,0,1,2,0,0,0,18,18,,,,,,,
1,5,31,38,30,0,5,1,5,0,0,0,31,31,,,,,,,
1,2,25,42,40,1,1,2,0,2,0,0,25,25,,,,,,,
1,3,21,21,20,3,0,2,0,3,0,0,21,21,,,,,,,
1,4,18,18,10,3,1,2,0,4,0,0,18,18,,,,,,,
1,2,21,21,20,2,0,7,0,1,0,1,21,21,,,,,,,
1,6,21,27,20,5,1,1,0,6,0,0,21,21,,,,,,,
1,7,30,46,30,7,0,1,7,0,0,0,30,30,,,,,,,
2,2,33,34,30,1,1,2,0,2,0,0,33,33,,,,,,,
1,9,20,43,20,0,9,2,0,9,0,0,20,43,,,,,,,
1,3,21,39,20,1,2,1,3,0,0,0,21,21,,,,,,,
1,2,22,22,20,2,0,7,0,1,0,1,22,22,,,,,,,
2,3,18,18,10,3,0,2,0,3,0,0,18,18,,,,,,,
2,12,,,,,,,,,,, , ,,,,,,,
1,3,49,50,40,0,3,7,2,0,0,1,49,49,,,,,,,
1,6,34,34,30,2,4,1,6,0,0,0,34,34,,,,,,,
1,5,60,65,60,4,1,1,5,0,0,0,60,60,,,,,,,
1,3,36,36,30,0,3,1,3,0,0,0,36,36,,,,,,,
1,3,27,27,20,2,1,1,3,0,0,0,27,27,,,,,,,
1,6,35,39,30,4,2,7,3,0,1,2,35,35,,,,,,,
1,2,26,27,20,2,0,2,0,2,0,0,26,26,,,,,,,
1,4,19,32,10,3,1,1,4,0,0,0,19,19,,,,,,,
1,2,32,32,30,0,2,1,2,0,0,0,32,32,,,,,,,
1,2,35,39,30,0,2,1,2,0,0,0,35,35,,,,,,,
1,3,56,56,50,0,3,1,3,0,0,0,56,56,,,,,,,
1,4,21,23,20,0,4,1,4,0,0,0,21,21,,,,,,,
2,3,41,48,40,3,0,1,3,0,0,0,41,41,,,,,,,
1,2,49,50,40,0,2,2,0,2,0,0,49,49,,,,,,,
1,2,21,21,20,2,0,1,2,0,0,0,21,21,,,,,,,
1,4,49,59,40,,,1,4,0,0,0,49,49,,,,,,,
1,4,23,23,20,4,0,1,4,0,0,0,23,23,,,,,,,
1,2,18,18,10,2,0,1,2,0,0,0,18,18,,,,,,,
1,10,22,29,20,9,1,1,10,0,0,0,22,22,,,,,,,
1,4,23,25,20,4,0,3,0,0,4,0,25,25,,,,,,,
1,30,42,48,40,13,4,1,17,0,0,0,42,42,,,,,,,
1,3,24,32,20,3,0,7,1,1,1,0,24,24,,,,,,,
1,2,16,21,10,2,0,2,0,2,0,0,16,16,,,,,,,
2,3,27,27,20,0,3,1,3,0,0,0,27,27,,,,,,,
1,4,24,25,20,0,4,1,3,0,0,0,24,24,,,,,,,
1,4,22,30,20,0,4,1,4,0,0,0,22,22,,,,,,,
1,2,16,19,10,0,2,1,2,0,0,0,16,16,,,,,,,
1,3,19,38,10,1,2,7,1,1,0,1,19,37,,,,,,,
2,3,43,44,40,,,1,3,0,0,0,43,43,,,,,,,
1,2,25,25,20,2,0,4,0,0,0,2,25,25,,,,,,,
1,4,19,31,30,2,2,1,4,0,0,0,19,31,,,,,,,
1,2,31,31,30,1,1,1,2,0,0,0,31,31,,,,,,,
1,21,32,33,30,23,0,1,22,0,0,0,32,32,,,,,,,
2,4,17,18,10,2,2,1,4,0,0,0,17,17,,,,,,,
1,4,31,31,30,0,4,1,4,0,0,0,31,31,,,,,,,
1,2,19,25,10,2,0,2,0,2,0,0,19,19,,,,,,,
1,3,22,36,20,1,2,7,1,2,0,0,22,22,,,,,,,
1,5,24,27,20,3,2,1,5,0,0,0,24,24,,,,,,,
1,9,30,36,30,0,9,1,9,0,0,0, , ,,,,,,,
1,3,44,44,40,0,3,1,3,0,0,0,44,44,,,,,,,
1,33,15,40,10,33,0,4,0,0,0,33,15,15,,,,,,,
1,3,57,57,50,0,3,1,3,0,0,0,57,57,,,,,,,
1,7,13,19,10,,,1,7,0,0,0, , ,,,,,,,
1,2,15,15,10,2,0,3,0,0,2,0,15,15,,,,,,,
1,2,17,19,10,0,2,1,2,0,0,0,17,17,,,,,,,
1,3,27,37,20,1,2,1,3,0,0,0,27,27,,,,,,,
1,2,24,59,20,0,2,,1,,,,24,24,,,,,,,
1,2,45,50,40,0,0,,,,,,45,45,,,,,,,
1,3,40,40,40,0,3,3,0,0,3,0,40,40,,,,,,,
1,3,30,37,30,3,0,7,2,0,1,0,30,30,,,,,,,
1,4,27,28,20,2,2,1,4,0,0,0,27,27,,,,,,,
2,4,17,68,10,4,0,1,4,0,0,0,17,17,,,,,,,
2,5,20,30,20,,,1,5,0,0,0, , ,,,,,,,
2,7,,,,,,1,7,0,0,0, , ,,,,,,,
1,3,27,48,20,2,1,,1,,,,27,27,,,,,,,
1,3,25,27,20,3,0,1,3,0,0,0,25,25,,,,,,,
1,4,31,45,30,1,3,1,4,0,0,0,31,31,,,,,,,
1,2,32,39,30,1,,,1,,,,32,32,,,,,,,
1,6,32,32,30,6,0,1,6,0,0,0,32,32,,,,,,,
1,2,20,20,20,2,0,1,2,0,0,0,20,20,,,,,,,
1,2,30,39,30,0,2,1,2,0,0,0,30,30,,,,,,,
1,3,25,26,20,0,3,1,3,0,0,0,25,25,,,,,,,
1,2,54,63,50,1,1,1,2,0,0,0,54,54,,,,,,,
2,2,40,40,40,0,2,2,0,2,0,0,40,40,,,,,,,
1,3,26,27,20,0,3,7,1,2,0,0,26,26,,,,,,,
1,3,34,39,30,1,2,7,1,2,0,0,34,39,,,,,,,
1,2,23,26,20,2,0,7,1,1,0,0,23,23,,,,,,,
1,4,27,28,20,1,3,1,4,0,0,0,27,27,,,,,,,
1,4,43,48,40,0,4,1,4,0,0,0,43,43,,,,,,,
1,4,44,44,40,0,4,1,3,0,0,0,44,44,,,,,,,
2,2,18,19,10,1,1,1,2,0,0,0,18,18,,,,,,,
1,2,41,42,40,0,2,1,2,0,0,0,41,41,,,,,,,
1,6,28,28,20,,,1,6,0,0,0,28,28,,,,,,,
1,4,37,41,30,0,4,1,4,0,0,0,37,37,,,,,,,
1,2,17,35,10,1,1,2,0,2,0,0,17,17,,,,,,,
1,5,39,39,30,4,1,7,2,3,0,0,39,39,,,,,,,
1,2,31,45,30,2,0,2,0,2,0,0,31,31,,,,,,,
1,3,32,38,30,0,3,1,3,0,0,0,32,32,,,,,,,
1,3,25,51,20,0,3,7,2,1,0,0,25,25,,,,,,,
1,2,36,57,30,2,0,7,1,1,0,0,36,36,,,,,,,
1,3,39,70,30,1,1,2,0,2,0,0,39,39,,,,,,,
1,4,25,26,20,4,0,1,4,0,0,0,25,25,,,,,,,
1,5,25,27,20,2,3,1,5,0,0,0,25,25,,,,,,,
1,2,27,28,20,1,1,7,1,0,1,0,27,27,,,,,,,
1,5,25,33,20,0,5,,,,,,25,25,,,,,,,
1,7,32,47,30,0,7,1,7,0,0,0,13,32,,,,,,,
1,3,29,30,,2,1,1,3,0,0,0,,,,,,,,,
1,3,31,39,30,1,1,1,2,0,0,0,31,31,,,,,,,
1,4,38,39,30,0,4,,2,,0,0,38,38,,,,,,,
1,3,32,40,30,0,3,1,3,0,0,0,32,32,,,,,,,
1,30,21,24,20,0,30,1,30,0,0,0,21,21,,,,,,,
1,5,28,28,20,1,4,1,5,0,0,0,28,28,,,,,,,
1,3,18,18,10,2,1,1,3,0,0,0,18,18,,,,,,,
1,3,19,23,10,3,0,2,0,3,0,0,19,19,,,,,,,
1,3,27,35,20,0,3,1,3,0,0,0,27,27,,,,,,,
1,8,35,48,30,0,8,7,5,1,,,35,35,,,,,,,
1,2,27,31,20,1,1,1,2,0,0,0,27,27,,,,,,,
1,4,32,32,30,2,2,1,3,,,0,32,32,,,,,,,
1,3,19,41,10,2,1,1,3,0,0,0,19,19,,,,,,,
1,2,30,30,30,2,0,,,,,,,,,,,,,,
1,2,22,23,20,1,1,1,2,0,0,0,22,22,,,,,,,
1,4,20,22,20,4,0,2,0,4,0,0,20,20,,,,,,,
1,2,48,65,40,1,1,1,2,0,0,0,48,48,,,,,,,
1,6,22,38,20,5,0,1,6,0,0,0,22,22,,,,,,,
2,3,30,41,30,2,1,1,3,0,0,0,30,30,,,,,,,
1,2,,26,,2,0,2,0,3,0,0, , ,,,,,,,
1,2,28,28,20,0,2,7,1,1,0,0,28,28,,,,,,,
1,12,30,39,30,12,0,1,12,0,0,0,30,30,,,,,,,
1,8,37,38,30,0,8,2,0,8,0,0,37,37,,,,,,,
1,10,21,21,20,6,4,7,7,3,0,0,21,21,,,,,,,
1,10,22,23,20,6,4,7,7,3,0,0,22,22,,,,,,,
1,11,16,25,10,6,5,7,7,4,0,0,16,24,,,,,,,
1,6,17,40,10,6,0,1,6,0,0,0,17,17,,,,,,,
1,4,23,24,20,0,4,7,2,2,0,0,23,23,,,,,,,
1,5,45,45,40,1,4,1,5,0,0,0,45,45,,,,,,,
2,3,35,40,30,3,0,1,3,0,0,0,35,35,,,,,,,
1,4,17,22,10,2,2,1,4,0,0,0,17,17,,,,,,,
1,7,19,25,10,5,2,2,0,7,0,0,19,19,,,,,,,
1,2,34,34,30,0,2,7,1,0,0,0,34,34,,,,,,,
2,128,42,46,40,,,,,,,,42,42,,,,,,,
2,3,39,39,30,1,2,1,3,0,0,0,39,39,,,,,,,
1,10,37,38,30,0,10,7,1,9,0,0,37,37,,,,,,,
1,2,22,22,20,2,0,7,0,1,1,0,22,22,,,,,,,
1,3,25,25,20,,,,,,,,25,25,,,,,,,
1,3,16,35,10,2,1,2,,2,,,16,16,,,,,,,
1,2,32,32,30,2,0,1,2,0,0,0,32,32,,,,,,,
1,3,23,23,20,3,0,1,3,0,0,0,23,23,,,,,,,
1,4,24,24,20,2,2,2,0,4,0,0,24,24,,,,,,,
1,2,20,20,20,2,0,1,2,0,0,0,20,20,,,,,,,
1,3,19,19,10,2,1,2,0,3,0,0,19,19,,,,,,,
1,2,27,27,20,2,0,7,1,1,0,0,27,27,,,,,,,
1,24,15,18,10,27,0,1,27,0,0,0,15,15,,,,,,,
1,4,17,17,10,3,1,2,0,4,0,0,17,17,,,,,,,
1,19,17,19,10,1,,,1,,,,17,17,,,,,,,
1,9,20,20,20,8,1,2,,7,0,0,20,20,,,,,,,
1,2,29,38,20,1,1,2,0,2,0,0,29,29,,,,,,,
1,2,31,50,30,2,0,1,2,0,0,0,31,31,,,,,,,
1,7,32,37,30,0,7,2,0,7,0,0,32,32,,,,,,,
1,2,19,19,10,2,0,2,0,2,0,0,19,19,,,,,,,
1,4,29,29,20,4,0,7,1,3,0,0,29,29,,,,,,,
1,3,18,18,10,3,0,,,,,,18,18,,,,,,,
1,4,26,26,20,0,4,1,4,0,0,0,26,26,,,,,,,
1,3,21,21,20,2,1,1,3,0,0,0,21,21,,,,,,,
1,2,40,53,40,,1,,,1,,,40,40,,,,,,,
1,5,22,23,20,4,1,2,0,5,0,0,22,22,,,,,,,
1,2,22,24,20,1,1,7,1,1,0,0,22,22,,,,,,,
1,4,28,28,20,4,0,1,4,0,0,0,28,28,,,,,,,
1,3,26,27,20,0,3,7,2,0,0,0,26,26,,,,,,,
2,7,21,21,20,2,5,7,1,6,0,0,21,21,,,,,,,
1,2,47,47,40,0,2,7,1,0,0,1,47,47,,,,,,,
1,3,23,23,20,2,1,1,3,0,0,0,23,23,,,,,,,
2,2,40,45,40,2,0,1,2,0,0,0,40,40,,,,,,,
1,2,15,21,10,2,0,2,0,2,0,0,15,15,,,,,,,
1,4,23,23,20,0,4,2,0,4,0,0,23,23,,,,,,,
1,5,,,,5,0,7,4,0,0,0,,,,,,,,,
1,5,30,32,30,5,0,,,,,,30,30,,,,,,,
1,2,39,62,30,,1,,,1,,,39,39,,,,,,,
1,2,45,56,40,1,1,1,2,0,0,0,45,45,,,,,,,
1,6,40,40,40,5,1,2,0,6,0,0,40,40,,,,,,,
1,3,18,18,10,0,3,1,3,0,0,0,18,18,,,,,,,
1,3,22,23,20,0,3,2,0,3,0,0,22,22,,,,,,,
1,3,26,42,20,3,0,1,3,0,0,0,26,26,,,,,,,
1,5,14,41,10,0,5,7,2,3,0,0,14,14,,,,,,,
1,8,31,37,30,7,1,2,0,8,0,0,31,31,,,,,,,
1,8,29,58,20,1,2,1,3,0,0,0,29,29,,,,,,,
1,3,18,18,10,3,0,7,2,1,0,0,18,18,,,,,,,
1,3,16,34,10,1,2,1,3,0,0,0,16,16,,,,,,,
1,3,18,32,10,0,3,3,0,0,3,0,18,18,,,,,,,
1,6,24,25,20,5,1,2,0,6,0,0,24,24,,,,,,,
1,2,,,,0,2,1,2,0,0,0, , ,,,,,,,
1,3,26,33,20,0,3,2,0,3,0,0,26,26,,,,,,,
1,2,36,36,30,0,2,2,0,2,0,0,36,36,,,,,,,
1,3,23,43,20,3,0,2,0,3,0,0,23,23,,,,,,,
1,2,20,22,20,1,,,,,,,20,20,,,,,,,
1,8,27,39,20,0,8,7,6,0,2,0,27,27,,,,,,,
1,2,24,24,20,2,0,1,2,0,0,0,24,24,,,,,,,
1,7,43,43,40,6,0,7,1,0,5,0,43,43,,,,,,,
1,5,36,36,30,4,1,1,5,0,0,0,36,36,,,,,,,
1,2,16,28,10,0,2,1,2,0,0,0,16,16,,,,,,,
1,3,27,27,20,0,3,1,3,0,0,0,27,27,,,,,,,
1,3,41,41,40,0,3,2,0,3,0,0,41,41,,,,,,,
1,5,28,30,20,0,5,1,5,0,0,0,28,28,,,,,,,
1,3,23,43,20,2,1,1,3,0,0,0,23,23,,,,,,,
1,3,18,19,10,0,3,1,3,0,0,0,18,18,,,,,,,
1,2,18,27,10,1,1,1,2,0,0,0,18,18,,,,,,,
1,5,24,28,20,3,2,1,5,0,0,0,24,24,,,,,,,
1,3,25,25,20,3,0,1,3,0,0,0,25,25,,,,,,,
1,3,23,34,20,2,1,1,3,0,0,0,23,23,,,,,,,
1,2,30,30,30,1,1,7,1,0,1,0,30,30,,,,,,,
1,3,22,23,20,3,0,2,0,3,0,0,22,22,,,,,,,
1,3,23,23,20,3,0,7,2,1,0,0,23,23,,,,,,,
1,2,37,37,30,2,0,1,2,0,0,0,37,37,,,,,,,
1,6,64,67,60,0,3,1,6,0,0,0,64,64,,,,,,,
1,3,21,22,20,3,0,2,0,3,0,0,21,21,,,,,,,
2,3,22,27,20,3,0,1,3,0,0,0,22,22,,,,,,,
1,2,16,27,10,0,2,7,1,1,0,0,16,16,,,,,,,
2,4,,,,4,0,1,4,0,0,0, , ,,,,,,,
1,4,26,29,20,2,2,2,0,4,0,0,26,26,,,,,,,
1,3,41,42,40,0,3,1,3,0,0,0,41,41,,,,,,,
1,4,28,28,20,,,3,0,0,4,0,28,28,,,,,,,
2,3,28,37,20,3,0,1,3,0,0,0,28,28,,,,,,,
2,3,24,29,20,3,0,1,3,0,0,0,24,24,,,,,,,
1,6,18,18,10,6,0,7,0,0,3,3,18,18,,,,,,,
1,8,45,55,40,6,2,1,8,0,0,0,45,45,,,,,,,
1,6,21,21,20,5,1,7,4,,1,0,21,21,,,,,,,
1,3,26,27,20,3,0,2,0,3,0,0,26,26,,,,,,,
1,7,45,46,40,1,6,1,7,0,0,0,45,45,,,,,,,
1,5,30,32,30,0,5,1,5,0,0,0,30,30,,,,,,,
2,2,37,37,30,1,1,,1,,,,37,37,,,,,,,
1,31,27,31,20,0,31,1,31,0,0,0,27,27,,,,,,,
1,2,17,17,10,2,0,7,1,0,1,0,17,17,,,,,,,
1,12,25,32,20,10,2,1,12,0,0,0,25,25,,,,,,,
1,10,43,43,40,0,10,7,8,1,1,0,43,43,,,,,,,
1,8,46,46,40,3,5,1,7,0,0,0,46,46,,,,,,,
1,2,15,18,10,2,0,1,1,0,0,0,15,15,,,,,,,
2,3,,,,2,1,1,3,0,0,0, , ,,,,,,,
1,3,30,30,30,1,2,1,3,0,0,0,30,30,,,,,,,
1,2,19,19,10,1,1,1,2,0,0,0,19,19,,,,,,,
1,4,27,28,20,2,2,1,4,0,0,0,,,,,,,,,
1,4,21,39,20,3,1,1,4,0,0,0,21,21,,,,,,,
1,5,35,36,30,0,5,,,,,,35,35,,,,,,,
1,2,19,67,10,1,1,1,2,0,0,0,19,19,,,,,,,
1,4,20,36,20,4,0,1,4,0,0,0,20,20,,,,,,,
1,3,18,19,10,0,3,1,3,0,0,0,18,18,,,,,,,
1,4,29,37,20,1,3,7,3,0,0,1,29,29,,,,,,,
1,4,25,57,20,2,2,1,4,0,0,0,25,25,,,,,,,
1,2,19,32,10,2,0,1,2,0,0,0,19,19,,,,,,,
1,16,35,36,30,,,1,16,0,0,0,35,35,,,,,,,
1,5,28,52,20,0,5,7,1,4,0,0,28,28,,,,,,,
1,4,19,35,10,0,4,1,4,0,0,0,19,19,,,,,,,
1,3,28,51,20,0,3,1,3,0,0,0,28,28,,,,,,,
1,5,33,37,30,1,4,7,3,2,0,0,33,33,,,,,,,
1,2,26,33,20,2,0,7,1,0,1,0,26,26,,,,,,,
1,2,22,43,20,2,0,2,0,2,0,0,22,22,,,,,,,
1,3,29,29,20,0,3,7,1,,1,,29,29,,,,,,,
1,3,22,41,20,0,3,2,0,3,0,0,22,22,,,,,,,
1,4,34,35,30,0,4,1,4,0,0,0,34,34,,,,,,,
1,2,19,55,10,2,0,1,2,0,0,0,19,19,,,,,,,
1,3,21,27,20,0,3,7,,1,0,1,21,21,,,,,,,
1,3,,50,,2,1,,,,,,,,,,,,,,
1,2,25,43,20,1,1,2,0,2,0,0,25,25,,,,,,,
1,2,16,17,10,2,0,7,1,1,0,0,16,16,,,,,,,
1,2,21,22,20,2,0,7,1,1,0,0,21,21,,,,,,,
1,2,42,44,40,0,2,1,2,0,0,0,42,42,,,,,,,
1,6,36,36,30,3,3,7,1,5,0,0,36,36,,,,,,,
1,5,41,41,40,2,3,1,5,0,0,0,41,41,,,,,,,
1,3,25,44,20,2,1,1,3,0,0,0,25,25,,,,,,,
1,4,59,62,50,2,2,1,4,0,0,0,59,59,,,,,,,
1,5,29,29,20,5,0,1,5,0,0,0,29,29,,,,,,,
1,10,22,22,20,5,5,1,9,0,0,0,22,22,,,,,,,
1,2,21,35,20,2,0,1,2,0,0,0,21,21,,,,,,,
1,3,23,23,20,2,1,2,0,3,0,0,23,23,,,,,,,
1,6,22,25,20,0,6,1,6,0,0,0,22,22,,,,,,,
1,2,29,29,20,0,2,1,2,0,0,0,29,29,,,,,,,
1,3,28,28,20,0,3,1,3,0,0,0,28,28,,,,,,,
1,14,,,,1,,,,,,, , ,,,,,,,
1,2,28,28,20,2,0,2,0,2,0,0,28,28,,,,,,,
1,4,22,34,20,3,1,7,1,0,3,0,22,22,,,,,,,
1,5,26,34,20,3,2,1,5,0,0,0,26,26,,,,,,,
1,4,48,48,40,1,3,1,4,0,0,0,48,48,,,,,,,
1,2,52,,50,,,1,2,0,0,0,52,52,,,,,,,
1,2,13,27,10,1,1,1,2,0,0,0,13,13,,,,,,,
1,2,28,28,20,2,0,7,1,0,1,0,28,28,,,,,,,
1,5,22,22,20,5,0,7,0,0,2,3,22,22,,,,,,,
1,6,52,58,50,5,1,,,,,,52,52,,,,,,,
1,3,21,40,20,2,1,2,0,3,0,0,21,21,,,,,,,
1,2,36,50,30,2,0,2,0,1,0,0,36,36,,,,,,,
1,2,18,18,10,1,1,1,2,0,0,0,18,18,,,,,,,
1,3,18,19,10,3,0,7,0,1,0,2,18,18,,,,,,,
1,4,35,60,30,2,2,1,4,0,0,0,35,35,,,,,,,
1,3,25,62,20,,,,,,,,25,25,,,,,,,
1,3,19,19,10,3,0,,,,,,19,19,,,,,,,
2,2,15,15,10,2,0,7,1,1,0,0,15,15,,,,,,,
1,3,28,29,20,0,3,1,3,0,0,0,28,28,,,,,,,
1,6,21,22,20,6,0,1,6,0,0,0,21,21,,,,,,,
1,14,20,20,20,15,0,3,0,0,15,0,20,20,,,,,,,
1,9,22,24,20,9,0,1,9,0,0,0,22,22,,,,,,,
1,5,25,25,20,2,3,7,4,1,0,0,25,25,,,,,,,
1,3,32,32,30,2,1,3,0,0,3,0,32,32,,,,,,,
1,6,28,41,20,1,5,7,4,1,0,0,28,33,,,,,,,
1,3,46,46,40,3,0,7,0,1,2,0,46,46,,,,,,,
1,3,25,26,20,3,0,7,,1,1,,25,25,,,,,,,
1,3,27,51,20,1,2,7,2,0,1,0,27,27,,,,,,,
1,2,23,23,20,1,1,7,1,1,0,0,23,23,,,,,,,
1,3,17,53,10,1,2,2,0,3,0,0,17,17,,,,,,,
1,2,27,27,20,2,0,1,2,0,0,0,27,27,,,,,,,
2,15,34,34,30,,,1,15,0,0,0,34,34,,,,,,,
1,2,41,43,40,,,,,,,,41,41,,,,,,,
1,2,38,38,30,0,2,3,0,0,2,0,38,38,,,,,,,
2,2,27,31,20,1,1,1,2,0,0,0,27,27,,,,,,,
1,4,33,33,30,2,2,7,1,3,0,0,33,33,,,,,,,
1,3,24,25,20,2,1,7,1,,1,0,24,24,,,,,,,
1,2,19,19,10,2,0,3,0,0,2,0,19,19,,,,,,,
1,4,28,28,20,0,4,1,4,0,0,0,,,,,,,,,
1,8,19,35,10,2,6,1,8,0,0,0,19,19,,,,,,,
2,2,,,,2,0,1,2,0,0,0, , ,,,,,,,
1,2,17,19,10,0,2,1,2,0,0,0,17,17,,,,,,,
1,2,23,48,20,2,0,1,2,0,0,0,23,23,,,,,,,
2,3,23,23,20,2,1,1,3,0,0,0,23,23,,,,,,,
1,3,36,36,30,3,0,1,3,0,0,0,36,36,,,,,,,
1,2,32,33,30,0,2,1,2,0,0,0,32,32,,,,,,,
1,2,18,19,10,0,2,,,,,,18,18,,,,,,,
1,2,19,19,10,2,0,,1,,,,19,19,,,,,,,
1,2,27,29,20,1,1,7,1,1,0,0,27,27,,,,,,,
1,3,42,42,40,2,1,1,3,0,0,0,42,42,,,,,,,
1,2,19,23,10,2,0,1,2,0,0,0,19,19,,,,,,,
1,3,24,24,20,0,3,1,3,0,0,0,24,24,,,,,,,
1,3,28,29,20,0,3,3,0,0,3,0,28,28,,,,,,,
1,2,19,21,10,2,0,3,0,0,2,0,19,19,,,,,,,
1,12,30,32,30,0,12,3,0,0,12,0,30,30,,,,,,,
1,4,35,35,30,3,1,1,4,0,0,0,35,35,,,,,,,
1,3,18,21,10,2,1,3,0,0,3,0,18,18,,,,,,,
1,3,32,33,30,0,3,1,3,0,0,0,32,32,,,,,,,
1,2,20,24,20,2,0,,1,,,,20,20,,,,,,,
2,6,60,64,60,5,1,3,1,4,0,0,60,60,,,,,,,
1,5,27,27,20,0,4,7,1,1,2,,27,27,,,,,,,
1,8,40,43,40,0,8,1,8,0,0,0,40,40,,,,,,,
1,9,,,,9,1,7,5,1,0,1, , ,,,,,,,
1,3,19,19,10,2,1,7,1,1,0,1,19,19,,,,,,,
1,4,29,30,20,3,0,2,0,3,0,0,29,29,,,,,,,
1,6,22,34,20,0,6,7,5,0,1,0,22,22,,,,,,,
1,3,43,47,40,3,0,1,3,0,0,0,43,43,,,,,,,
1,2,23,37,20,,1,,,,1,,23,23,,,,,,,
1,3,,52,,1,,,,,,, , ,,,,,,,
1,4,27,27,20,0,0,2,0,4,0,0,27,27,,,,,,,
1,8,18,19,10,8,0,3,0,0,6,0,18,18,,,,,,,
2,5,31,32,30,2,3,1,5,0,0,0,31,31,,,,,,,
1,5,45,47,40,0,5,1,5,0,0,0,45,45,,,,,,,
2,4,33,40,30,,,1,,0,0,0,33,33,,,,,,,
2,3,42,42,40,3,0,1,3,0,0,0,42,42,,,,,,,
1,3,47,52,40,1,2,1,3,0,0,0,47,47,,,,,,,
1,5,29,44,20,5,0,7,4,0,1,0,29,29,,,,,,,
1,3,62,69,60,0,3,1,3,0,0,0,62,62,,,,,,,
1,6,26,30,20,1,5,7,5,0,1,0,26,26,,,,,,,
1,10,49,51,40,1,9,1,10,0,0,0,49,49,,,,,,,
1,2,30,53,30,0,2,1,2,0,0,0,30,30,,,,,,,
1,2,29,30,20,0,2,1,2,0,0,0,29,29,,,,,,,
1,5,20,20,20,3,2,1,5,0,0,0,20,20,,,,,,,
1,5,23,23,20,3,2,1,5,0,0,0,23,23,,,,,,,
1,4,28,32,20,2,2,7,3,1,0,0,28,28,,,,,,,
1,14,23,23,20,0,14,1,14,0,0,0,23,23,,,,,,,
1,2,31,39,30,2,0,1,2,0,0,0,31,31,,,,,,,
2,2,30,32,30,2,0,1,2,0,0,0,30,30,,,,,,,
1,2,50,,50,1,1,1,2,0,0,0,50,50,,,,,,,
1,2,32,32,30,2,0,1,2,0,0,0,32,32,,,,,,,
2,2,30,30,30,1,1,7,1,0,1,0,30,30,,,,,,,
1,3,19,19,10,2,1,1,3,0,0,0,19,19,,,,,,,
1,2,16,31,10,0,2,1,2,0,0,0,16,16,,,,,,,
1,2,29,32,20,0,2,1,2,0,0,0,29,29,,,,,,,
1,3,23,25,20,3,0,7,0,2,0,1,23,23,,,,,,,
1,2,29,48,20,2,0,,1,,,,29,29,,,,,,,
1,2,16,31,10,1,1,,,1,,,16,16,,,,,,,
1,3,30,32,30,2,1,7,2,1,0,0,30,30,,,,,,,
1,9,18,26,10,4,2,2,0,9,0,0,18,18,,,,,,,
2,3,39,41,30,2,1,1,3,0,0,0,39,39,,,,,,,
1,3,15,15,10,3,0,2,0,3,0,0,15,15,,,,,,,
1,4,24,37,20,1,3,7,1,3,0,0,24,24,,,,,,,
1,2,26,26,20,2,0,2,0,2,0,0,26,26,,,,,,,
1,5,28,28,20,0,5,7,4,0,0,1,28,28,,,,,,,
1,2,45,45,40,2,0,1,2,0,0,0,45,45,,,,,,,
1,2,17,17,10,1,1,7,0,1,1,0,17,17,,,,,,,
1,9,28,35,20,,,,,,,,28,28,,,,,,,
1,3,22,22,20,3,0,2,0,3,0,0,22,22,,,,,,,
1,2,39,39,30,2,0,,,,,,39,39,,,,,,,
1,4,25,29,20,4,0,7,1,0,3,0,25,25,,,,,,,
2,4,22,22,20,3,1,2,0,4,0,0,22,22,,,,,,,
1,5,22,38,20,2,1,,,,,,22,22,,,,,,,
1,2,37,37,30,2,0,1,2,0,0,0,37,37,,,,,,,
1,2,,,,0,2,1,2,0,0,0,,,,,,,,,
1,4,21,21,20,0,4,1,4,0,0,0,21,21,,,,,,,
1,2,26,26,20,2,0,7,0,1,1,0,26,26,,,,,,,
1,3,21,21,20,3,0,1,3,0,0,0,21,21,,,,,,,
1,2,22,43,20,2,0,1,2,0,0,0,22,22,,,,,,,
1,5,30,31,30,0,5,3,0,0,5,0,30,30,,,,,,,
1,2,26,27,20,2,0,1,2,0,0,0,26,26,,,,,,,
1,4,,,,0,3,3,0,0,4,0,,,,,,,,,
1,3,35,62,30,3,0,7,1,0,0,2,35,35,,,,,,,
2,3,32,38,30,3,0,1,3,0,0,0,32,32,,,,,,,
1,3,36,36,30,3,0,1,3,0,0,0,36,36,,,,,,,
1,2,22,22,20,0,2,1,2,0,0,0,22,22,,,,,,,
2,13,,,,,,1,,,,, , ,,,,,,,
2,3,34,43,30,3,0,3,0,0,3,0,34,34,,,,,,,
2,5,,,,5,0,4,0,0,0,6, , ,,,,,,,
2,2,24,24,20,1,1,4,0,0,0,2,24,24,,,,,,,
1,4,18,27,10,4,0,7,1,1,2,0,18,18,,,,,,,
1,4,31,39,30,1,3,1,4,0,0,0,31,31,,,,,,,
1,8,30,36,30,0,8,7,2,5,0,0,30,30,,,,,,,
1,3,44,44,40,1,2,1,3,0,0,0,44,44,,,,,,,
1,2,51,59,50,2,0,1,2,0,0,0,51,51,,,,,,,
1,3,19,20,10,1,2,2,0,3,0,0,19,19,,,,,,,
1,8,44,44,40,5,2,1,8,0,0,0,44,44,,,,,,,
1,13,,44,,,,,,,,,,,,,,,,,
1,5,35,36,30,,,,,,,,35,35,,,,,,,
2,2,46,47,40,0,2,1,2,0,0,0,46,46,,,,,,,
1,7,31,47,30,1,1,3,0,0,7,0,31,31,,,,,,,
1,3,20,23,20,3,0,,,,2,,20,20,,,,,,,
1,4,20,23,20,2,2,1,4,0,0,0,20,20,,,,,,,
1,2,25,32,20,1,1,1,2,0,0,0,25,25,,,,,,,
1,42,26,38,20,16,0,3,0,0,16,0,26,26,,,,,,,
2,2,,,,2,0,4,0,0,0,2, , ,,,,,,,
1,9,32,43,30,0,9,3,0,0,9,0,32,32,,,,,,,
1,2,42,42,40,0,2,1,2,0,0,0,42,42,,,,,,,
2,10,29,30,20,,,,,,,,29,29,,,,,,,
1,3,24,25,20,0,3,4,0,0,0,3,24,24,,,,,,,
1,2,27,27,20,0,2,4,0,0,0,2,27,27,,,,,,,
1,8,33,40,30,8,0,1,8,0,0,0,33,33,,,,,,,
1,4,42,44,40,0,4,1,4,0,0,0,42,42,,,,,,,
1,4,17,17,10,2,2,1,4,0,0,0,17,17,,,,,,,
1,79,,,,,,4,0,0,0,79, , ,,,,,,,
1,79,,,,,,4,0,0,0,79, , ,,,,,,,
1,2,17,19,10,2,0,7,0,1,1,0,17,17,,,,,,,
1,3,32,36,30,0,3,1,3,0,0,0,32,32,,,,,,,
1,2,24,28,20,1,1,1,2,0,0,0,24,24,,,,,,,
1,3,20,20,20,2,1,1,3,0,0,0,20,20,,,,,,,
2,2,53,53,50,2,0,1,2,0,0,0,53,53,,,,,,,
1,4,,,20,3,1,7,3,1,0,0, , ,,,,,,,
1,9,18,19,10,8,1,2,0,9,0,0,18,18,,,,,,,
1,9,35,35,30,9,0,7,8,1,0,0,35,35,,,,,,,
2,4,20,21,20,0,4,2,0,4,0,0,20,20,,,,,,,
1,5,31,33,30,0,5,7,4,1,0,0,31,31,,,,,,,
1,3,19,22,10,3,0,1,3,0,0,0,19,19,,,,,,,
1,6,27,27,20,4,2,1,6,0,0,0,27,27,,,,,,,
1,3,22,39,20,1,2,2,0,3,0,0,22,22,,,,,,,
1,4,18,26,10,4,0,2,0,4,0,0,18,18,,,,,,,
1,5,30,30,30,0,5,,,,,,30,30,,,,,,,
1,3,15,29,10,2,1,1,3,0,0,0,15,15,,,,,,,
1,3,28,28,20,0,3,4,0,0,0,3,28,28,,,,,,,
1,3,43,56,40,2,1,1,3,0,0,0,43,43,,,,,,,
2,3,26,26,20,1,2,7,1,0,1,1,26,26,,,,,,,
1,18,49,51,40,1,3,3,0,0,18,0,49,49,,,,,,,
1,2,45,46,40,1,1,3,0,0,2,0,45,45,,,,,,,
1,5,22,24,20,5,0,7,4,0,1,0,22,22,,,,,,,
1,12,17,27,10,10,2,7,1,0,11,0,17,27,,,,,,,
1,4,21,47,20,4,0,7,,,2,,21,21,,,,,,,
1,2,33,39,30,2,0,3,0,0,2,0,33,33,,,,,,,
1,2,36,37,30,2,0,7,1,0,1,0,36,36,,,,,,,
1,2,21,24,20,1,1,7,0,1,1,0,21,21,,,,,,,
1,24,43,45,40,1,23,7,22,0,0,1,43,43,,,,,,,
1,6,35,52,30,3,3,4,0,0,0,6,50,50,,,,,,,
1,10,20,20,20,10,0,4,0,0,0,10,20,20,,,,,,,
2,6,,,,,,4,0,0,0,6, , ,,,,,,,
1,2,21,22,20,0,2,4,0,0,0,2,21,21,,,,,,,
1,16,29,29,20,15,1,4,0,0,0,16,29,29,,,,,,,
1,4,16,17,10,2,2,4,0,0,0,4,16,16,,,,,,,
1,3,21,28,20,,,4,0,0,0,3,21,21,,,,,,,
1,11,22,31,20,,,4,0,0,0,11,22,22,,,,,,,
1,4,19,20,10,0,4,1,4,0,0,0,19,19,,,,,,,
1,10,22,22,20,0,10,1,10,0,0,0,22,22,,,,,,,
1,3,27,27,20,0,3,2,0,3,0,0,27,27,,,,,,,
1,4,23,26,20,0,4,1,4,0,0,0,23,23,,,,,,,
1,5,28,28,20,3,2,7,4,1,0,0,28,28,,,,,,,
1,2,24,25,20,2,0,1,2,0,0,0,24,24,,,,,,,
1,23,11,,10,,,,,,,,11,11,,,,,,,
1,3,21,25,20,0,3,1,3,0,0,0,21,21,,,,,,,
1,53,42,54,40,,,1,53,0,0,0,42,42,,,,,,,
1,3,39,45,30,1,2,1,3,0,0,0,39,39,,,,,,,
1,6,36,40,30,6,0,1,6,0,0,0,36,36,,,,,,,
1,6,23,29,20,1,5,1,5,0,0,0,18,23,,,,,,,
1,3,29,35,20,0,3,2,0,3,0,0,29,29,,,,,,,
1,2,25,42,20,0,2,1,2,0,0,0,25,25,,,,,,,
1,4,36,37,30,0,4,1,4,0,0,0,36,36,,,,,,,
1,2,31,31,30,2,2,4,0,0,0,2,31,31,,,,,,,
1,4,25,25,20,4,0,,,,,,25,25,,,,,,,
1,2,44,53,40,0,2,4,0,0,0,2,44,44,,,,,,,
1,12,,,,5,5,7,10,0,0,0, , ,,,,,,,
1,3,34,43,30,0,3,2,0,3,0,0,34,34,,,,,,,
1,4,36,37,30,1,3,7,2,1,,,36,36,,,,,,,
1,3,26,26,20,0,3,1,3,0,0,0,26,26,,,,,,,
2,4,,,,4,0,1,4,0,0,0, , ,,,,,,,
1,4,18,21,10,0,4,7,3,1,0,0,18,18,,,,,,,
1,2,,,,2,0,2,0,2,0,0, , ,,,,,,,
1,8,44,53,40,0,8,1,8,0,0,0,44,44,,,,,,,
1,2,16,22,10,0,2,1,2,0,0,0,16,16,,,,,,,
2,2,25,54,20,0,2,1,2,0,0,0,25,25,,,,,,,
1,12,25,25,20,12,0,7,0,11,1,0,25,25,,,,,,,
1,7,33,38,30,0,7,1,7,0,0,0,33,33,,,,,,,
2,2,47,47,40,2,0,1,2,0,0,0,47,48,,,,,,,
1,3,45,45,40,2,1,1,3,0,0,0,45,45,,,,,,,
1,2,23,24,20,2,0,1,2,0,0,0,23,23,,,,,,,
1,19,33,40,30,0,19,,,0,0,,33,33,,,,,,,
1,2,27,27,20,0,2,2,0,2,0,0,27,27,,,,,,,
1,4,15,20,10,4,0,1,4,0,0,0,15,20,,,,,,,
2,3,46,47,40,0,3,1,3,0,0,0,46,46,,,,,,,
1,2,23,24,20,0,2,1,2,0,0,0,23,23,,,,,,,
1,2,17,25,10,0,2,,,1,,,17,17,,,,,,,
1,3,23,23,20,3,0,1,3,0,0,0,23,23,,,,,,,
1,3,17,53,10,,1,,,,,,17,17,,,,,,,
1,7,32,32,30,0,7,,4,,,,32,32,,,,,,,
1,3,35,41,30,0,3,1,3,0,0,0,35,35,,,,,,,
1,2,43,43,40,1,1,1,2,0,0,0,43,43,,,,,,,
1,7,,,,1,2,,,,,, , ,,,,,,,
1,3,15,15,10,3,0,5,0,0,0,0,15,15,,,,,,,
1,10,21,21,20,6,4,1,9,0,0,0,21,21,,,,,,,
1,6,42,58,40,0,6,7,3,2,,0,42,42,,,,,,,
1,2,55,56,50,0,2,1,2,0,0,0,55,56,,,,,,,
1,2,21,21,20,2,0,1,2,0,0,0,21,21,,,,,,,
1,2,27,29,20,0,2,1,2,0,0,0,27,27,,,,,,,
1,4,24,33,20,0,4,1,4,0,0,0,24,24,,,,,,,
1,2,23,23,20,1,1,2,0,2,0,0,23,23,,,,,,,
1,2,25,26,20,0,2,1,2,0,0,0,25,25,,,,,,,
1,2,39,39,30,1,1,1,2,0,0,0,39,39,,,,,,,
1,2,18,18,10,2,0,2,0,2,0,0,18,18,,,,,,,
1,4,25,25,20,3,1,7,0,0,3,0,25,25,,,,,,,
1,4,39,67,30,0,4,1,4,0,0,0,39,39,,,,,,,
1,5,16,26,10,5,0,,2,,,,16,16,,,,,,,
1,3,36,56,30,0,3,1,3,0,0,0,36,36,,,,,,,
1,3,28,38,20,3,0,1,3,0,0,0,28,28,,,,,,,
1,3,24,25,20,0,3,1,3,0,0,0,24,24,,,,,,,
1,8,42,56,40,2,6,1,8,0,0,0,42,42,,,,,,,
1,2,45,46,40,2,0,1,2,0,0,0,45,45,,,,,,,
1,3,18,41,10,2,1,1,3,0,0,0,18,18,,,,,,,
1,2,31,32,30,1,1,,,1,0,0,31,31,,,,,,,
1,3,,,,,,,,,,, , ,,,,,,,
1,3,38,39,30,0,3,1,3,0,0,0,38,38,,,,,,,
1,2,26,26,20,0,2,1,2,0,0,0,26,26,,,,,,,
1,2,29,40,20,0,2,2,0,2,0,0,29,29,,,,,,,
1,2,29,34,20,1,1,1,2,0,0,0,29,29,,,,,,,
1,6,25,37,20,2,4,1,6,0,0,0,25,25,,,,,,,
2,2,32,33,30,2,0,1,2,0,0,0,32,32,,,,,,,
1,2,21,40,20,0,2,7,1,0,1,0,21,21,,,,,,,
1,3,22,28,20,0,3,1,3,0,0,0,22,22,,,,,,,
1,12,28,31,20,8,4,2,0,12,0,0,28,28,,,,,,,
1,5,21,23,20,5,0,,,,,,21,21,,,,,,,
1,6,30,41,30,1,5,1,6,0,0,0,30,30,,,,,,,
2,4,24,24,20,0,4,1,4,0,0,0,24,24,,,,,,,
1,3,23,24,20,2,1,1,3,0,0,0,23,23,,,,,,,
2,2,27,49,20,2,0,1,2,0,0,0,27,27,,,,,,,
1,11,40,43,40,1,10,1,11,0,0,0,40,40,,,,,,,
1,3,27,36,20,0,3,1,3,0,0,0,27,27,,,,,,,
1,2,20,20,20,2,0,7,1,1,0,0,20,20,,,,,,,
1,9,32,42,30,1,8,7,8,0,0,0,32,32,,,,,,,
1,2,22,28,20,2,0,7,1,1,0,0,,,,,,,,,
1,2,37,37,30,0,2,2,0,2,0,0,37,37,,,,,,,
1,3,20,65,20,2,1,2,0,2,0,0,20,20,,,,,,,
1,8,28,28,20,1,7,7,1,7,0,0,28,28,,,,,,,
1,3,26,27,20,3,0,7,1,2,0,1,26,26,,,,,,,
1,3,31,32,30,2,1,1,3,0,0,0,31,31,,,,,,,
1,3,20,53,20,,,,,,,,,,,,,,,,
1,2,33,33,30,2,0,7,1,1,0,0,33,33,,,,,,,
1,3,24,25,20,3,0,7,1,2,0,1,24,24,,,,,,,
1,5,19,30,10,1,4,1,5,0,0,0,19,30,,,,,,,
1,3,,,,,,1,3,0,0,0, , ,,,,,,,
2,4,38,39,30,4,0,1,4,0,0,0,38,38,,,,,,,
1,7,33,33,30,5,2,7,2,4,1,0,33,33,,,,,,,
1,2,28,36,20,1,1,1,2,0,0,0,28,28,,,,,,,
1,7,20,22,20,0,7,1,7,0,0,0,20,20,,,,,,,
2,2,37,38,30,2,0,1,2,0,0,0,37,37,,,,,,,
1,9,41,58,40,7,2,1,9,0,0,0,41,41,,,,,,,
1,4,26,26,20,4,0,7,,1,1,,26,26,,,,,,,
1,9,28,45,20,0,9,7,7,2,0,0,28,40,,,,,,,
1,2,18,20,10,2,0,2,0,2,0,0,18,18,,,,,,,
1,3,17,17,10,0,3,1,3,0,0,0,17,17,,,,,,,
1,5,24,25,20,3,2,1,5,0,0,0,24,24,,,,,,,
1,2,21,22,20,0,2,1,2,0,0,0,21,21,,,,,,,
1,6,39,41,30,6,0,1,6,0,0,0,39,39,,,,,,,
1,6,26,28,20,4,2,1,6,0,0,0,26,26,,,,,,,
1,6,29,29,20,1,5,7,4,0,2,0,29,29,,,,,,,
1,2,23,23,20,2,0,2,0,2,0,0,23,23,,,,,,,
1,3,24,27,20,0,3,1,3,0,0,0,24,24,,,,,,,
1,4,22,37,20,4,0,1,4,0,0,0,22,22,,,,,,,
1,4,32,49,30,3,1,1,4,0,0,0,32,49,,,,,,,
1,15,23,26,20,15,0,3,0,0,15,0,23,23,,,,,,,
1,23,24,26,20,,,3,0,0,23,0,24,24,,,,,,,
1,3,24,24,20,1,2,3,0,0,3,0,24,24,,,,,,,
1,6,18,23,10,3,3,7,5,1,0,0,18,18,,,,,,,
1,3,42,42,40,2,1,1,3,0,0,0,42,42,,,,,,,
2,2,46,51,40,2,0,1,2,0,0,0,46,46,,,,,,,
1,3,,,,0,3,1,3,0,0,0, , ,,,,,,,
1,9,24,32,20,4,5,1,9,0,0,0,24,31,,,,,,,
1,2,40,64,40,2,0,1,2,0,0,0,40,40,,,,,,,
1,2,19,44,10,1,1,1,2,0,0,0,19,19,,,,,,,
1,2,23,25,20,0,2,1,2,0,0,0,23,23,,,,,,,
1,3,21,22,20,1,2,1,3,0,0,0,21,21,,,,,,,
1,4,22,23,20,4,0,7,2,2,0,0,22,22,,,,,,,
1,3,18,18,10,3,0,7,1,2,0,0,18,18,,,,,,,
1,6,22,22,20,4,2,1,6,0,0,0,22,22,,,,,,,
1,8,27,31,20,3,5,1,8,0,0,0,27,27,,,,,,,
1,3,57,57,50,3,0,1,3,0,0,0,57,57,,,,,,,
1,2,28,29,20,1,1,1,1,0,0,0,28,28,,,,,,,
1,10,18,35,10,8,2,7,2,6,2,0,18,35,,,,,,,
1,3,29,54,20,2,1,1,3,0,0,0,29,29,,,,,,,
1,4,27,27,20,3,1,1,4,0,0,0,27,27,,,,,,,
1,4,42,43,40,1,1,1,4,0,0,0,42,42,,,,,,,
1,2,18,18,10,2,0,1,2,0,0,0,18,18,,,,,,,
1,4,23,27,20,3,1,7,3,1,0,0,23,23,,,,,,,
1,4,40,44,40,2,2,1,4,0,0,0,40,40,,,,,,,
1,3,21,21,20,0,3,7,2,1,0,0,21,21,,,,,,,
1,5,29,30,20,5,0,7,3,2,0,0,29,29,,,,,,,
1,3,22,22,20,2,1,1,3,0,0,0,22,22,,,,,,,
2,5,65,68,60,5,0,1,5,0,0,0,65,65,,,,,,,
1,6,,43,,4,1,7,5,1,0,0, , ,,,,,,,
1,3,20,21,20,3,0,1,3,0,0,0,20,20,,,,,,,
1,5,72,74,70,5,0,1,5,0,0,0,72,72,,,,,,,
1,2,19,43,10,1,1,2,0,2,0,0,19,19,,,,,,,
1,2,,,,,,,,,,,,,,,,,,,
1,2,22,31,20,2,0,1,2,0,0,0,22,22,,,,,,,
1,3,20,20,20,2,1,1,3,0,0,0,20,20,,,,,,,
2,3,21,23,20,2,1,1,3,0,0,0,21,21,,,,,,,
1,6,16,22,10,5,1,1,6,0,0,0,16,16,,,,,,,
1,3,28,30,20,3,0,1,3,0,0,0,28,28,,,,,,,
1,2,25,50,20,1,1,1,2,0,0,0,25,25,,,,,,,
1,2,25,63,20,2,0,7,1,0,0,1,25,25,,,,,,,
1,27,30,33,30,27,0,1,27,0,0,0,30,30,,,,,,,
1,25,36,37,30,25,0,7,22,2,0,0,36,36,,,,,,,
1,3,33,36,30,0,3,3,0,0,3,0,31,31,,,,,,,
1,2,36,37,30,0,2,8,0,0,0,0,36,36,,,,,,,
1,2,34,36,30,1,1,1,2,0,0,0,34,34,,,,,,,
1,3,28,29,20,0,3,1,3,0,0,0,28,28,,,,,,,
1,2,26,26,20,2,0,1,2,0,0,0,26,26,,,,,,,
1,3,26,27,20,3,0,1,3,0,0,0,26,26,,,,,,,
1,7,24,24,20,0,7,1,7,0,0,0,24,24,,,,,,,
1,3,52,53,50,0,3,3,0,0,3,0,52,52,,,,,,,
1,6,38,38,30,0,6,1,6,0,0,0,38,38,,,,,,,
1,17,20,33,20,0,17,7,14,1,2,0,20,20,,,,,,,
2,21,20,40,20,10,7,1,21,0,0,0,20,20,,,,,,,
1,3,29,29,20,3,0,1,3,0,0,0,29,29,,,,,,,
1,3,25,25,20,3,0,7,1,1,,,25,25,,,,,,,
2,8,25,43,20,,,1,8,0,0,0,25,25,,,,,,,
2,3,30,34,30,,,1,3,0,0,0,30,30,,,,,,,
1,4,48,72,40,,,,,,,,48,48,,,,,,,
1,4,31,35,30,2,2,,2,,,,31,31,,,,,,,
2,4,33,36,30,2,2,,2,,,,33,33,,,,,,,
1,6,13,48,10,2,4,1,6,0,0,0,13,13,,,,,,,
1,2,19,19,10,2,0,7,0,1,1,0,19,19,,,,,,,
1,5,18,21,10,2,3,7,1,3,0,0,18,18,,,,,,,
1,2,17,19,10,2,0,2,0,2,0,0,17,17,,,,,,,
1,3,36,43,30,2,1,7,1,2,0,0,36,43,,,,,,,
2,6,21,31,30,3,3,1,6,0,0,0,21,21,,,,,,,
1,2,17,35,10,1,1,1,2,0,0,0,17,17,,,,,,,
1,2,37,40,30,0,2,1,2,0,0,0,37,37,,,,,,,
1,3,18,18,10,2,1,7,1,2,0,0,18,18,,,,,,,
1,3,43,43,40,0,3,7,1,2,0,0,43,43,,,,,,,
1,4,24,27,20,0,4,7,1,3,0,0,24,24,,,,,,,
1,2,18,26,10,2,0,1,2,0,0,0,18,18,,,,,,,
1,30,,,,,,,,,,,,,,,,,,,
1,2,34,36,30,0,2,7,1,1,0,0,34,34,,,,,,,
1,2,21,21,20,2,0,1,2,0,0,0,21,21,,,,,,,
1,2,25,25,20,0,2,1,2,0,0,0,25,25,,,,,,,
1,5,28,30,20,0,5,2,0,5,0,0,28,28,,,,,,,
1,2,23,48,20,1,,,,1,,,23,23,,,,,,,
1,4,19,19,10,3,1,1,4,0,0,0,19,19,,,,,,,
1,11,31,37,30,0,11,2,0,11,0,0,31,31,,,,,,,
2,4,28,29,20,1,3,1,4,0,0,0,28,28,,,,,,,
1,3,26,26,20,3,0,1,3,0,0,0,26,26,,,,,,,
1,6,19,33,10,3,3,2,0,6,0,0,19,19,,,,,,,
1,4,22,22,20,4,0,7,2,1,1,0,22,22,,,,,,,
1,4,19,30,10,0,4,6,0,0,0,0,19,19,,,,,,,
1,3,41,60,40,0,3,2,0,3,0,0,41,41,,,,,,,
1,4,18,31,10,2,2,2,0,4,0,0,18,18,,,,,,,
1,9,27,42,20,1,8,1,7,0,0,0,27,27,,,,,,,
1,11,23,30,20,10,0,1,6,,,,23,23,,,,,,,
1,4,28,29,20,4,0,1,4,0,0,0,28,28,,,,,,,
2,4,21,36,20,2,2,1,4,0,0,0,21,21,,,,,,,
1,3,20,20,20,1,2,1,3,0,0,0,20,20,,,,,,,
1,2,23,30,20,0,2,,,,1,,23,23,,,,,,,
1,3,33,38,30,1,2,1,3,0,0,0,33,33,,,,,,,
1,2,19,19,10,2,0,7,1,1,0,0,19,19,,,,,,,
1,2,48,52,40,0,2,1,2,0,0,0,48,48,,,,,,,
2,3,18,39,10,1,2,1,3,0,0,0,18,28,,,,,,,
1,3,15,32,10,3,0,7,1,1,,0,15,15,,,,,,,
1,4,39,50,30,3,1,3,1,2,,,39,39,,,,,,,
1,4,23,51,20,4,0,1,4,0,0,0,23,35,,,,,,,
1,2,20,20,20,1,1,1,2,0,0,0,20,20,,,,,,,
1,2,25,26,20,0,2,2,0,2,0,0,25,25,,,,,,,
1,7,40,42,40,4,2,1,5,0,0,0,40,40,,,,,,,
1,3,28,38,20,0,3,1,3,0,0,0,28,28,,,,,,,
1,14,,,,0,14,3,0,0,14,0,,,,,,,,,
1,8,35,35,30,0,3,1,3,0,0,0,35,35,,,,,,,
1,2,24,26,20,2,0,2,0,2,0,0,24,24,,,,,,,
1,2,33,33,30,2,0,7,1,1,0,0,33,33,,,,,,,
1,3,19,19,10,3,0,7,,1,1,,19,19,,,,,,,
1,7,22,23,20,3,4,3,0,0,7,0,22,22,,,,,,,
2,2,28,41,20,2,0,1,2,0,0,0,28,28,,,,,,,
1,6,25,42,20,5,1,3,0,0,6,0,25,25,,,,,,,
1,2,21,24,20,2,0,,,1,,,21,21,,,,,,,
1,37,28,43,20,27,10,7,34,,1,2,28,28,,,,,,,
1,6,34,34,30,5,1,1,6,0,0,0,34,34,,,,,,,
2,10,33,35,30,0,10,1,10,0,0,0,33,33,,,,,,,
1,2,43,45,40,0,2,1,2,0,0,0,43,43,,,,,,,
1,2,26,47,20,2,0,1,2,0,0,0,26,26,,,,,,,
2,2,39,40,30,2,0,1,2,0,0,0,39,39,,,,,,,
1,6,27,27,20,0,4,1,4,0,0,0,27,27,,,,,,,
1,8,25,25,20,3,5,1,8,0,0,0,25,25,,,,,,,
1,5,28,28,20,5,0,1,5,0,0,0,28,28,,,,,,,
2,5,45,50,40,4,1,1,5,0,0,0,45,45,,,,,,,
2,2,39,40,30,2,0,1,2,0,0,0,39,39,,,,,,,
1,2,29,33,20,0,2,7,0,1,1,0,29,29,,,,,,,
1,2,41,43,40,0,2,1,2,0,0,0,41,41,,,,,,,
1,2,25,26,20,0,2,1,2,0,0,0,25,25,,,,,,,
1,5,21,30,20,1,1,1,5,0,0,0,21,21,,,,,,,
1,2,22,22,20,2,0,7,1,0,1,0,22,22,,,,,,,
1,2,18,19,10,2,0,2,0,2,0,0,18,18,,,,,,,
1,4,36,36,30,2,2,1,4,0,0,0,36,36,,,,,,,
1,3,26,44,20,0,3,1,3,0,0,0,26,26,,,,,,,
2,2,32,33,30,1,1,1,2,0,0,0,32,32,,,,,,,
1,2,30,49,30,2,0,1,2,0,0,0,30,30,,,,,,,
1,17,,,,,,3,0,0,17,0,,,,,,,,,
1,50,31,34,30,,,3,0,0,50,0,,,,,,,,,
1,3,17,17,10,3,0,7,2,0,0,1,17,17,,,,,,,
1,3,18,21,10,0,3,1,3,0,0,0,18,18,,,,,,,
1,17,18,31,10,17,0,7,4,10,1,1,18,27,,,,,,,
1,5,33,43,30,1,4,4,0,0,0,5,33,33,,,,,,,
1,4,29,30,20,4,0,1,4,0,0,0,29,29,,,,,,,
1,2,19,26,10,1,1,1,2,0,0,0,19,19,,,,,,,
1,2,32,33,30,0,2,1,2,0,0,0,32,32,,,,,,,
1,4,29,30,20,4,0,1,4,0,0,0,29,29,,,,,,,
1,13,40,44,40,,,1,13,0,0,0,40,40,,,,,,,
1,3,28,29,20,3,0,2,0,3,0,0,28,28,,,,,,,
1,2,42,42,40,2,0,1,2,0,0,0,42,42,,,,,,,
1,2,21,32,20,2,0,1,2,0,0,0,21,21,,,,,,,
1,2,36,36,30,0,2,1,2,0,0,0,36,36,,,,,,,
1,9,28,28,20,2,7,7,5,4,0,0,28,28,,,,,,,
2,4,39,51,30,2,0,1,2,0,0,0,39,39,,,,,,,
1,2,23,58,20,0,2,2,0,2,0,0,23,23,,,,,,,
1,4,24,45,20,4,0,7,,,1,,24,24,,,,,,,
1,4,25,26,20,0,4,1,4,0,0,0,25,25,,,,,,,
1,6,24,24,20,4,2,1,6,0,0,0,24,24,,,,,,,
1,7,25,36,20,5,2,1,7,0,0,0,25,35,,,,,,,
1,7,26,29,20,7,0,7,3,,1,,26,26,,,,,,,
1,2,18,18,10,2,0,1,2,0,0,0,18,18,,,,,,,
1,12,36,44,30,,,1,110,0,0,0,36,36,,,,,,,
1,3,26,32,20,1,2,4,0,0,0,4,26,26,,,,,,,
1,5,31,31,30,0,5,1,5,0,0,0,31,31,,,,,,,
1,5,20,20,20,1,4,7,4,0,1,0,20,20,,,,,,,
1,3,20,34,20,0,3,1,3,0,0,0,20,20,,,,,,,
1,2,24,37,20,0,2,7,1,0,0,1,24,24,,,,,,,
1,7,36,44,30,0,7,1,7,0,0,0,37,37,,,,,,,
1,2,,,,2,0,1,2,0,0,0, , ,,,,,,,
1,2,17,19,10,1,1,2,0,2,0,0,17,17,,,,,,,
2,2,18,19,10,0,2,2,0,2,0,0,18,18,,,,,,,
1,3,17,42,10,2,1,1,3,0,0,0,17,17,,,,,,,
1,5,30,34,30,0,5,1,4,0,0,0,30,30,,,,,,,
1,4,19,20,10,2,2,2,0,4,0,0,19,19,,,,,,,
1,2,31,32,30,0,2,2,0,2,0,0,31,31,,,,,,,
1,6,21,34,20,6,0,1,6,0,0,0,21,21,,,,,,,
1,3,34,37,30,0,3,1,2,0,0,1,34,34,,,,,,,
1,3,17,52,10,3,0,1,3,0,0,0,17,17,,,,,,,
1,2,28,29,20,0,2,1,2,0,0,0,28,28,,,,,,,
1,3,19,19,10,2,1,2,0,3,0,0,19,19,,,,,,,
1,4,17,40,10,4,0,2,0,4,0,0,17,17,,,,,,,
1,2,26,42,20,0,2,2,0,2,0,0,26,26,,,,,,,
1,2,21,21,20,1,1,2,0,2,0,0,21,21,,,,,,,
1,2,18,34,10,2,0,1,1,0,0,0,18,18,,,,,,,
1,3,18,30,10,3,0,1,3,0,0,0,18,18,,,,,,,
1,9,20,21,20,6,3,1,8,0,0,0,20,20,,,,,,,
1,4,21,21,20,0,4,1,4,0,0,0,21,21,,,,,,,
1,4,25,25,20,1,,,,1,,,25,25,,,,,,,
1,2,42,44,40,0,2,2,0,1,0,0,42,42,,,,,,,
1,2,21,22,20,1,1,2,0,2,0,0,21,21,,,,,,,
1,4,29,29,20,2,2,7,0,0,2,2,29,29,,,,,,,
1,2,18,18,10,2,0,7,1,0,1,0,18,18,,,,,,,
2,2,29,29,20,1,1,1,2,0,0,0,29,29,,,,,,,
1,2,25,25,20,2,0,7,1,0,1,0,25,25,,,,,,,
1,2,41,41,40,0,2,1,2,0,0,0,41,41,,,,,,,
1,2,37,50,30,2,0,,,1,,,37,37,,,,,,,
1,2,19,45,10,1,,,,1,,,19,19,,,,,,,
1,2,21,21,20,1,1,1,2,0,0,0,21,21,,,,,,,
1,2,24,37,20,0,2,2,0,2,0,0,24,24,,,,,,,
1,4,33,34,30,4,0,1,4,0,0,0,33,33,,,,,,,
1,5,56,65,50,5,0,2,0,5,0,0,44,56,,,,,,,
1,3,18,47,10,3,0,1,3,0,0,0,18,18,,,,,,,
1,5,37,37,30,5,0,7,3,2,0,0,37,37,,,,,,,
1,2,26,30,20,1,1,2,0,2,0,0,26,26,,,,,,,
1,6,35,35,30,4,2,7,3,,1,,35,35,,,,,,,
2,3,21,24,20,3,0,1,3,0,0,0,21,21,,,,,,,
2,3,,,,0,3,3,0,0,3,0, , ,,,,,,,
1,4,14,60,10,3,1,3,0,0,3,0,14,14,,,,,,,
1,2,,,,1,1,1,1,0,0,0, , ,,,,,,,
1,6,49,58,40,0,6,3,0,0,6,0,49,49,,,,,,,
1,2,43,48,40,0,2,7,1,1,0,0,43,43,,,,,,,
2,28,,,20,,,3,0,0,28,0,,,,,,,,,
2,6,36,45,30,6,0,,,,,,36,36,,,,,,,
2,3,48,48,40,0,3,3,0,0,3,0,48,48,,,,,,,
1,50,33,34,30,,,3,0,0,50,0,23,23,,,,,,,
1,5,38,60,30,1,4,3,0,0,5,0,38,38,,,,,,,
1,200,27,35,20,,,1,,0,0,0,27,27,,,,,,,
1,,,,,,,1,,,,, , ,,,,,,,
1,2,25,26,20,0,0,,,,,,25,25,,,,,,,
1,4,24,24,20,3,1,2,0,4,0,0,24,24,,,,,,,
2,3,50,50,50,2,2,1,3,0,0,0,50,50,,,,,,,
1,13,29,40,20,6,7,7,10,0,3,0,29,29,,,,,,,
1,3,31,42,30,1,2,1,3,0,0,0,31,31,,,,,,,
1,5,36,45,30,2,3,1,5,0,0,0,36,36,,,,,,,
1,2,36,39,30,1,1,7,1,0,0,1,36,36,,,,,,,
1,2,23,38,20,1,1,1,2,0,0,0,23,23,,,,,,,
1,3,20,34,20,1,2,1,3,0,0,0,20,20,,,,,,,
1,2,21,27,20,2,0,2,0,2,0,0,21,21,,,,,,,
1,4,40,40,40,2,2,1,4,0,0,0,40,40,,,,,,,
1,6,38,38,30,1,5,1,6,0,0,0,38,38,,,,,,,
1,2,30,50,30,0,2,2,0,2,0,0,30,30,,,,,,,
1,4,37,39,30,0,4,7,,1,1,,37,37,,,,,,,
1,4,37,38,30,0,4,2,0,4,0,0,37,37,,,,,,,
1,2,29,29,20,0,2,3,0,0,2,0,29,29,,,,,,,
1,2,16,29,10,2,0,1,2,0,0,0,16,16,,,,,,,
1,2,15,25,10,0,2,1,2,0,0,0,15,15,,,,,,,
1,3,18,18,10,3,0,3,0,0,3,0,18,18,,,,,,,
1,3,24,25,20,2,1,1,3,0,0,0,24,24,,,,,,,
1,2,18,19,10,2,0,,1,,0,0,18,18,,,,,,,
2,2,38,39,30,1,1,1,2,0,0,0,38,38,,,,,,,
1,2,21,21,20,2,0,1,2,0,0,0,21,21,,,,,,,
1,2,22,29,20,2,0,7,1,1,0,0,22,22,,,,,,,
1,2,25,29,20,1,1,1,2,0,0,0,25,25,,,,,,,
1,3,,,,3,0,1,,,,,,,,,,,,,
1,3,21,28,20,3,0,7,2,1,0,0,21,21,,,,,,,
1,3,20,26,20,2,1,7,2,1,0,0,20,20,,,,,,,
1,3,17,27,10,3,0,1,3,0,0,0,17,27,,,,,,,
1,30,43,64,40,26,4,1,30,0,0,0,43,43,,,,,,,
1,4,,26,20,1,3,1,4,0,0,0,,,,,,,,,
1,2,28,28,20,2,0,7,1,1,0,0,28,28,,,,,,,
2,3,30,30,30,3,0,1,3,0,0,0,30,30,,,,,,,
1,5,25,25,20,0,5,2,0,5,0,0,25,25,,,,,,,
1,3,36,37,30,1,2,1,3,0,0,0,36,36,,,,,,,
1,2,31,32,30,2,0,7,1,1,0,0,31,31,,,,,,,
1,3,29,29,20,3,0,2,0,3,0,0,29,29,,,,,,,
1,3,17,17,10,3,0,1,3,0,0,0,17,17,,,,,,,
1,6,25,27,20,5,1,1,6,0,0,0,25,25,,,,,,,
1,3,21,21,20,0,3,1,3,0,0,0,21,21,,,,,,,
1,13,30,32,30,0,13,7,12,1,0,0,30,30,,,,,,,
1,2,26,48,20,0,2,,1,,,,26,26,,,,,,,
1,2,35,35,30,2,0,1,2,0,0,0,35,35,,,,,,,
1,2,25,43,20,2,0,1,2,0,0,0,25,25,,,,,,,
1,6,43,43,40,2,4,1,6,0,0,0,43,43,,,,,,,
1,4,21,32,20,2,2,4,0,0,0,4,21,21,,,,,,,
1,6,35,37,30,4,2,4,0,0,0,6,35,35,,,,,,,
1,4,19,19,10,4,0,4,0,0,0,4,19,19,,,,,,,
1,5,18,18,10,0,5,3,0,0,5,0,18,18,,,,,,,
1,5,23,23,20,0,5,3,0,0,5,0,23,23,,,,,,,
1,3,38,38,30,0,3,7,2,1,0,0,38,38,,,,,,,
1,14,37,37,30,5,9,7,9,1,,0,37,37,,,,,,,
1,2,19,19,10,1,1,1,2,0,0,0,19,19,,,,,,,
1,2,15,17,10,1,1,7,1,0,0,1,15,15,,,,,,,
2,2,24,25,20,2,0,1,2,0,0,0,24,24,,,,,,,
1,3,19,19,10,2,1,2,0,3,0,0,19,19,,,,,,,
1,2,21,29,20,2,0,2,0,2,0,0,21,21,,,,,,,
1,3,38,38,30,0,3,1,3,0,0,0,38,38,,,,,,,
1,2,30,30,30,0,2,7,1,0,1,0,30,30,,,,,,,
1,3,17,18,10,3,0,7,1,2,0,0,17,17,,,,,,,
1,2,15,27,10,1,1,1,2,0,0,0,15,15,,,,,,,
1,2,30,33,30,0,2,1,2,0,0,0,30,30,,,,,,,
1,5,26,31,20,0,5,1,5,0,0,0,26,26,,,,,,,
1,5,38,41,30,5,0,1,5,0,0,0,38,38,,,,,,,
1,11,43,44,40,,,3,0,0,11,0,43,43,,,,,,,
1,3,23,23,20,2,1,1,3,0,0,0,23,23,,,,,,,
1,4,20,20,20,4,0,1,4,0,0,0,20,20,,,,,,,
1,2,65,66,60,0,2,1,2,0,0,0,65,65,,,,,,,
1,3,27,27,20,3,0,7,2,1,0,0,27,27,,,,,,,
2,2,33,35,30,2,0,2,0,2,0,0,33,33,,,,,,,
1,4,43,43,40,4,0,1,4,0,0,0,43,43,,,,,,,
1,2,26,50,20,0,2,1,2,0,0,0,26,26,,,,,,,
1,2,31,43,30,1,1,1,2,0,0,0,31,31,,,,,,,
1,4,59,60,50,2,2,7,1,1,1,0,59,59,,,,,,,
1,9,27,27,20,,,8,0,0,0,0,27,27,,,,,,,
1,65,,,,65,0,4,0,0,0,65, , ,,,,,,,
1,5,23,24,20,,1,2,0,5,0,0,23,23,,,,,,,
1,6,32,32,30,6,0,3,0,0,6,0,,,,,,,,,
1,2,33,34,30,1,1,1,2,0,0,0,33,33,,,,,,,
1,2,18,26,10,1,,,,1,,,18,18,,,,,,,
1,3,28,28,20,3,0,1,3,0,0,0,28,28,,,,,,,
1,3,,,,,,,,,,,,,,,,,,,
1,4,21,21,20,3,1,2,0,4,0,0,21,21,,,,,,,
1,4,18,47,10,3,0,,1,,,,18,18,,,,,,,
2,3,61,66,60,1,2,1,3,0,0,0,61,61,,,,,,,
1,3,37,37,30,,,1,3,0,0,0,37,37,,,,,,,
2,2,13,13,10,2,0,1,2,0,0,0,13,13,,,,,,,
1,23,33,42,30,23,0,7,5,17,1,0,33,33,,,,,,,
1,3,16,17,10,3,0,7,0,2,0,1,16,16,,,,,,,
1,4,24,24,20,3,1,7,1,3,0,0,24,24,,,,,,,
1,4,36,37,30,4,0,1,4,0,0,0,36,36,,,,,,,
1,6,28,28,20,0,6,4,0,0,0,6,28,28,,,,,,,
1,3,28,41,20,3,0,1,2,0,0,0,28,28,,,,,,,
1,2,40,41,40,0,2,1,2,0,0,0,40,40,,,,,,,
1,2,22,22,20,0,2,7,1,0,1,0,22,22,,,,,,,
1,4,33,33,30,3,1,7,2,1,0,1,33,33,,,,,,,
1,5,14,25,10,2,3,7,1,4,0,0,14,14,,,,,,,
1,3,19,21,10,0,3,7,1,,0,,19,19,,,,,,,
2,8,16,40,10,4,2,1,8,0,0,0,16,16,,,,,,,
1,3,18,18,10,2,1,7,2,0,0,1,18,18,,,,,,,
2,11,22,48,20,6,5,1,11,0,0,0,22,22,,,,,,,
1,3,22,42,20,2,1,3,2,1,0,0,22,22,,,,,,,
1,7,,,,,,2,0,7,0,0,,,,,,,,,
1,2,25,25,20,2,0,1,2,0,0,0,25,25,,,,,,,
1,7,19,33,10,5,2,2,0,7,0,0,19,19,,,,,,,
1,2,23,38,20,2,0,7,1,0,1,0,23,23,,,,,,,
1,3,31,31,30,1,2,7,2,0,1,0,31,31,,,,,,,
1,3,32,33,30,0,3,2,0,3,0,0,32,32,,,,,,,
1,4,23,26,20,3,0,1,3,0,0,0,23,23,,,,,,,
1,2,29,64,20,1,1,1,2,0,0,0,29,29,,,,,,,
1,17,26,29,20,12,7,1,19,0,0,0,26,26,,,,,,,
1,3,30,34,30,1,2,7,2,0,1,0,30,30,,,,,,,
1,2,36,43,30,0,2,1,2,0,0,0,36,36,,,,,,,
1,3,20,43,20,0,3,,,,,,20,20,,,,,,,
1,2,23,31,20,2,0,7,1,1,0,0,23,23,,,,,,,
1,2,21,21,20,0,2,1,2,0,0,0,21,21,,,,,,,
1,4,21,24,20,4,0,1,4,0,0,0,21,21,,,,,,,
1,6,18,18,10,2,3,1,5,0,0,0,18,18,,,,,,,
2,4,,,,3,1,1,4,0,0,0, , ,,,,,,,
1,4,28,29,20,2,2,2,0,4,0,0,28,28,,,,,,,
1,2,29,29,20,1,1,2,0,2,0,0,29,29,,,,,,,
1,2,19,19,10,2,0,2,0,2,0,0,19,19,,,,,,,
1,3,25,25,20,0,3,1,3,0,0,0,25,25,,,,,,,
1,5,19,21,10,5,0,1,5,0,0,0,19,19,,,,,,,
1,2,22,37,20,2,0,1,2,0,0,0,22,22,,,,,,,
1,2,34,34,30,2,0,1,2,0,0,0,34,34,,,,,,,
1,100,26,,20,,,1,100,0,0,0,26,26,,,,,,,
1,13,26,28,20,0,13,4,0,0,0,13,26,26,,,,,,,
1,12,20,20,20,0,12,4,0,0,0,12,20,20,,,,,,,
1,7,21,24,20,,,2,0,7,0,0,21,21,,,,,,,
1,7,36,36,30,0,6,,,,,,,,,,,,,,
1,7,15,37,10,7,0,,5,,,,15,15,,,,,,,
1,2,30,30,30,1,1,2,0,2,0,0,30,30,,,,,,,
1,13,13,28,10,2,6,1,13,0,0,0,13,46,,,,,,,
2,10,32,32,30,0,10,1,6,0,0,0,32,32,,,,,,,
2,6,42,44,40,4,2,1,6,0,0,0,31,42,,,,,,,
1,6,43,45,40,4,2,1,6,0,0,0,32,43,,,,,,,
1,4,28,32,20,2,2,1,4,0,0,0,28,28,,,,,,,
1,3,21,21,20,0,3,7,0,2,0,1,21,21,,,,,,,
1,3,26,27,20,0,3,1,3,0,0,0,26,26,,,,,,,
1,5,26,26,20,5,0,1,5,0,0,0,26,26,,,,,,,
1,6,30,30,30,6,0,1,6,0,0,0,30,30,,,,,,,
1,3,26,28,20,0,3,1,3,0,0,0,26,26,,,,,,,
1,4,18,19,10,4,0,7,1,1,2,0,18,18,,,,,,,
1,7,23,23,20,3,4,7,,,0,0,23,23,,,,,,,
1,2,35,61,30,0,2,1,2,0,0,0,35,35,,,,,,,
1,10,45,51,40,0,10,1,10,0,0,0,45,45,,,,,,,
1,3,22,51,20,1,2,1,3,0,0,0,22,50,,,,,,,
1,2,28,28,20,0,2,2,0,2,0,0,28,28,,,,,,,
1,2,23,45,20,1,1,7,1,1,0,0,23,23,,,,,,,
1,7,33,42,30,4,3,7,4,0,3,0,33,42,,,,,,,
1,3,26,28,20,0,3,1,3,0,0,0,26,26,,,,,,,
1,3,21,24,20,3,0,1,3,0,0,0,21,21,,,,,,,
1,2,23,23,20,0,2,7,1,0,0,1,23,23,,,,,,,
1,3,24,25,20,2,1,2,0,3,0,0,24,24,,,,,,,
1,2,25,25,20,0,2,2,0,2,0,0,25,25,,,,,,,
1,2,34,34,30,2,0,1,2,0,0,0,34,34,,,,,,,
1,3,18,42,10,2,1,1,3,0,0,0,18,18,,,,,,,
1,8,22,26,20,7,1,7,2,0,0,6,22,22,,,,,,,
1,5,44,45,40,0,5,1,5,0,0,0,44,44,,,,,,,
1,2,16,51,10,0,2,7,1,0,1,0,16,16,,,,,,,
1,3,19,28,10,0,3,1,3,0,0,0,19,19,,,,,,,
1,5,26,26,20,5,0,1,5,0,0,0,26,26,,,,,,,
1,2,30,33,30,0,2,1,2,0,0,0,30,30,,,,,,,
1,4,19,20,10,2,2,1,4,0,0,0,19,19,,,,,,,
1,2,24,24,20,2,0,1,2,0,0,0,24,24,,,,,,,
1,5,23,28,20,3,2,1,5,0,0,0,23,23,,,,,,,
1,7,27,32,20,0,7,2,0,7,0,0,27,27,,,,,,,
1,2,21,21,20,0,2,1,2,0,0,0,21,21,,,,,,,
1,5,38,39,30,1,4,1,5,0,0,0,38,38,,,,,,,
2,4,,,,,,1,4,0,0,0, , ,,,,,,,
1,2,36,51,30,2,0,1,2,0,0,0,36,36,,,,,,,
2,6,43,57,40,,,1,,0,0,0,43,43,,,,,,,
1,3,31,32,30,2,1,1,3,0,0,0,31,31,,,,,,,
1,3,25,25,20,2,1,2,0,2,0,0,25,25,,,,,,,
1,7,26,28,20,0,7,1,7,0,0,0,26,26,,,,,,,
2,2,22,23,20,1,1,1,2,0,0,0,22,22,,,,,,,
2,2,51,51,50,2,0,1,2,0,0,0,51,51,,,,,,,
1,3,31,31,30,0,3,2,0,3,0,0,31,31,,,,,,,
1,2,21,21,20,2,0,2,0,2,0,0,21,21,,,,,,,
1,3,22,27,20,2,1,1,3,0,0,0,22,22,,,,,,,
1,5,17,42,10,1,4,7,1,4,0,0,17,17,,,,,,,
1,2,25,41,20,0,2,1,2,0,0,0,25,25,,,,,,,
1,3,27,27,20,2,1,7,0,1,0,1,27,27,,,,,,,
1,5,37,52,30,0,5,1,5,0,0,0,37,37,,,,,,,
1,2,28,28,20,2,0,1,2,0,0,0,28,28,,,,,,,
2,3,,28,,,1,1,3,0,0,0, , ,,,,,,,
1,6,16,54,10,1,5,1,6,0,0,0,16,24,,,,,,,
1,3,15,26,10,3,0,2,0,3,0,0,15,15,,,,,,,
2,5,35,37,30,1,2,1,3,0,0,0,35,35,,,,,,,
1,12,14,47,10,0,12,7,9,3,0,0,14,35,,,,,,,
1,3,37,38,30,2,1,1,3,0,0,0,37,37,,,,,,,
1,7,25,30,20,5,2,2,0,7,0,0,25,25,,,,,,,
2,2,25,31,20,0,2,1,2,0,0,0,25,25,,,,,,,
1,3,26,26,20,0,3,1,3,0,0,0,26,26,,,,,,,
1,6,27,27,20,6,0,2,0,6,0,0,27,27,,,,,,,
1,9,22,63,20,5,4,1,9,0,0,0,22,22,,,,,,,
1,3,25,25,20,1,2,,1,,,0,25,25,,,,,,,
1,3,17,25,10,3,0,2,0,2,0,0,17,17,,,,,,,
1,3,27,27,20,3,0,7,1,2,0,0,27,27,,,,,,,
1,11,34,50,30,6,5,1,11,0,0,0,34,34,,,,,,,
1,2,16,17,10,1,1,3,0,0,2,0,16,16,,,,,,,
1,2,24,31,20,1,1,1,1,0,0,0,24,24,,,,,,,
1,2,22,23,20,0,2,1,2,0,0,0,22,22,,,,,,,
1,4,27,33,20,0,4,1,4,0,0,0,27,27,,,,,,,
1,2,31,31,30,0,2,5,0,0,0,0,31,31,,,,,,,
1,5,28,28,20,3,0,4,0,0,0,3,28,28,,,,,,,
1,2,34,42,30,0,2,1,2,0,0,0,34,34,,,,,,,
2,13,29,42,20,5,8,2,0,13,0,0,29,29,,,,,,,
2,4,24,25,20,,,1,4,0,0,0,25,25,,,,,,,
1,8,18,19,10,1,7,7,2,6,0,0,18,18,,,,,,,
1,3,16,18,10,3,0,3,0,0,3,0,16,18,,,,,,,
1,2,31,55,30,0,2,1,2,0,0,0,31,31,,,,,,,
1,3,24,24,20,2,1,1,3,0,0,0,24,24,,,,,,,
1,4,16,16,10,1,3,1,4,0,0,0,16,16,,,,,,,
1,10,26,46,20,0,10,7,1,9,0,0,26,26,,,,,,,
1,7,,,,7,0,7,1,1,,, , ,,,,,,,
1,2,42,42,40,0,2,2,0,2,0,0,42,42,,,,,,,
1,2,30,30,30,0,2,2,0,2,0,0,30,30,,,,,,,
1,2,21,54,20,1,1,1,2,0,0,0,21,21,,,,,,,
1,2,24,24,20,2,0,1,2,0,0,0,24,24,,,,,,,
2,3,34,38,30,3,0,1,3,0,0,0,34,34,,,,,,,
1,7,32,53,30,5,2,1,7,0,0,0,32,32,,,,,,,
1,2,22,24,20,1,1,1,2,0,0,0,22,22,,,,,,,
1,2,16,29,10,2,0,1,2,0,0,0,16,16,,,,,,,
1,6,31,37,30,0,6,1,6,0,0,0,31,31,,,,,,,
1,2,20,42,20,1,1,7,1,1,0,0,20,20,,,,,,,
1,7,20,21,20,0,7,1,7,0,0,0,20,20,,,,,,,
1,3,35,35,30,1,2,1,3,0,0,0,35,35,,,,,,,
1,3,37,42,40,3,0,1,3,0,0,0,37,37,,,,,,,
1,2,28,33,20,0,2,7,1,0,0,1,28,28,,,,,,,
1,4,25,68,20,1,3,7,3,1,0,0,25,25,,,,,,,
1,2,23,32,20,,1,,,,,,23,23,,,,,,,
1,19,19,22,10,,,1,19,0,0,0,19,19,,,,,,,
1,9,22,23,20,6,3,1,9,0,0,0,22,22,,,,,,,
1,2,18,18,10,2,0,1,2,0,0,0,18,18,,,,,,,
1,3,26,30,20,2,1,1,3,0,0,0,26,26,,,,,,,
2,3,20,20,20,3,0,2,0,3,0,0,20,20,,,,,,,
1,6,19,31,10,1,5,7,2,2,1,0,19,28,,,,,,,
1,3,16,37,10,2,1,1,2,0,0,0,16,16,,,,,,,
1,11,32,39,30,,,3,0,0,11,0,32,32,,,,,,,
1,6,47,47,40,5,1,7,,,3,,47,47,,,,,,,
1,2,20,20,20,1,1,7,1,0,1,0,20,20,,,,,,,
1,3,25,25,20,3,0,3,0,0,3,0,25,25,,,,,,,
1,7,55,55,50,4,1,3,0,0,7,0,55,55,,,,,,,
1,3,21,21,20,1,2,1,3,0,0,0,21,21,,,,,,,
2,5,31,31,30,5,0,3,0,0,5,0,21,21,,,,,,,
1,9,23,23,20,8,1,1,8,1,0,0,23,23,,,,,,,
1,2,23,23,20,0,2,1,2,0,0,0,23,23,,,,,,,
1,2,35,35,30,0,2,2,2,0,0,0,35,35,,,,,,,
1,6,25,28,20,6,0,3,0,0,6,0,,,,,,,,,
2,4,47,47,40,3,1,1,4,0,0,0,47,47,,,,,,,
2,6,46,47,40,2,4,4,0,0,0,6,46,46,,,,,,,
2,,,,,,,4,,,,, , ,,,,,,,
1,6,39,39,30,0,6,3,0,0,6,0,39,39,,,,,,,
2,4,64,64,60,2,2,1,4,0,0,0,64,64,,,,,,,
1,2,20,21,20,0,2,1,2,0,0,0,20,20,,,,,,,
1,3,27,34,20,0,3,7,2,1,0,0,27,27,,,,,,,
1,5,30,42,30,5,0,1,5,0,0,0,30,30,,,,,,,
1,2,36,36,30,0,2,1,2,0,0,0,36,36,,,,,,,
1,2,30,33,30,2,0,1,2,0,0,0,30,30,,,,,,,
1,2,20,20,20,0,2,1,2,0,0,0,20,20,,,,,,,
1,2,34,35,30,0,2,1,2,0,0,0,34,34,,,,,,,
1,3,33,33,30,0,3,1,3,0,0,0,33,33,,,,,,,
1,9,19,22,10,2,7,1,9,0,0,0,19,19,,,,,,,
1,4,53,53,50,2,2,7,3,1,0,0,53,53,,,,,,,
1,4,22,22,20,1,3,1,4,0,0,0,22,22,,,,,,,
1,23,29,31,20,23,0,7,18,3,2,0,29,29,,,,,,,
1,7,,,,3,4,4,0,0,0,7,,,,,,,,,
1,3,22,22,20,1,2,1,3,0,0,0,22,22,,,,,,,
2,4,16,38,10,4,0,1,4,0,0,0,16,16,,,,,,,
1,16,48,65,40,8,8,1,16,0,0,0,48,48,,,,,,,
1,2,51,51,50,0,2,1,2,0,0,0,51,51,,,,,,,
1,3,33,40,30,0,3,1,3,0,0,0,33,40,,,,,,,
1,2,15,15,10,1,1,7,1,0,0,1,15,15,,,,,,,
1,2,22,44,20,2,0,2,0,2,0,0,22,22,,,,,,,
1,2,15,29,10,1,1,1,2,0,0,0,15,15,,,,,,,
1,4,22,35,20,0,4,1,4,0,0,0,22,22,,,,,,,
1,2,22,34,20,0,2,1,2,0,0,0,22,22,,,,,,,
2,6,16,19,10,4,2,1,6,0,0,0,16,16,,,,,,,
1,9,33,45,30,0,9,7,8,1,0,0,33,33,,,,,,,
2,30,22,22,20,,,1,30,0,0,0,22,22,,,,,,,
1,5,14,16,10,5,0,4,0,0,0,5,14,14,,,,,,,
1,2,34,60,30,1,1,2,0,2,0,0,34,34,,,,,,,
1,2,27,27,20,2,0,1,2,0,0,0,27,27,,,,,,,
1,3,17,17,10,3,0,7,,1,1,0,17,17,,,,,,,
2,4,19,19,10,2,2,1,4,0,0,0,19,19,,,,,,,
1,5,34,35,30,5,0,2,0,5,0,0,34,34,,,,,,,
1,2,47,47,40,1,1,1,2,0,0,0,47,47,,,,,,,
1,3,31,35,30,2,1,1,3,0,0,0,31,31,,,,,,,
1,4,24,52,20,4,0,1,4,0,0,0,24,24,,,,,,,
1,6,21,27,20,5,1,1,6,0,0,0,21,27,,,,,,,
2,3,39,40,30,3,0,1,3,0,0,0,39,39,,,,,,,
1,6,18,22,10,1,5,2,0,6,0,0,18,18,,,,,,,
2,2,,,,2,0,1,2,0,0,0, , ,,,,,,,
1,2,22,29,20,1,1,,1,,,,22,22,,,,,,,
1,7,36,42,30,0,7,1,7,0,0,0,36,36,,,,,,,
1,5,36,36,30,5,0,7,2,0,3,0,,,,,,,,,
1,3,20,22,20,3,0,1,3,0,0,0,20,20,,,,,,,
1,2,23,29,20,2,0,1,2,0,0,0,23,23,,,,,,,
1,2,34,44,30,2,0,,,1,,,34,34,,,,,,,
1,2,17,31,10,1,1,2,0,2,0,0,17,17,,,,,,,
1,7,25,26,20,2,5,1,5,0,0,0,25,25,,,,,,,
1,3,23,23,20,2,1,1,3,0,0,0,23,23,,,,,,,
1,8,29,29,20,7,1,7,2,6,0,0,29,29,,,,,,,
1,3,35,36,30,0,3,1,3,0,0,0,35,35,,,,,,,
1,15,17,25,10,0,15,3,0,0,15,0,17,17,,,,,,,
1,5,32,34,30,0,5,1,5,0,0,0,32,32,,,,,,,
1,10,33,42,30,8,2,1,10,0,0,0,33,33,,,,,,,
1,2,41,51,40,0,2,2,0,2,0,0,41,41,,,,,,,
1,4,34,45,30,1,3,1,4,0,0,0,34,34,,,,,,,
1,2,26,31,20,0,2,1,2,0,0,0,26,26,,,,,,,
1,2,18,18,10,2,0,7,0,1,1,0,18,18,,,,,,,
1,2,19,26,10,2,0,1,2,0,0,0,19,19,,,,,,,
1,2,18,22,10,1,1,7,1,1,0,0,18,18,,,,,,,
1,3,26,26,20,2,1,1,3,0,1,0,26,26,,,,,,,
2,10,21,24,20,,,1,10,0,0,0,21,21,,,,,,,
1,71,14,,10,,,3,0,0,71,0,14,14,,,,,,,
1,6,31,31,30,0,6,1,6,0,0,0,31,31,,,,,,,
1,4,27,29,20,1,3,1,4,0,0,0,27,27,,,,,,,
1,8,30,57,30,2,6,1,6,0,0,0,30,55,,,,,,,
1,5,54,60,50,3,2,1,3,0,0,0,54,54,,,,,,,
1,3,21,41,20,3,0,1,3,0,0,0,21,21,,,,,,,
2,6,24,37,20,3,3,1,6,0,0,0,24,24,,,,,,,
1,2,23,23,20,0,2,1,2,0,0,0,23,23,,,,,,,
1,2,,,,2,0,2,0,2,0,0,,,,,,,,,
1,2,26,40,20,2,0,1,2,0,0,0,26,26,,,,,,,
1,4,31,36,30,2,2,1,4,0,0,0,31,31,,,,,,,
1,4,20,27,20,4,0,1,4,0,0,0,20,27,,,,,,,
2,4,51,53,50,2,2,1,4,0,0,0,51,51,,,,,,,
1,2,26,26,20,2,0,1,2,0,0,0,26,26,,,,,,,
1,12,30,36,30,12,0,1,12,0,0,0,30,30,,,,,,,
1,4,33,35,30,4,0,1,4,0,0,0,33,33,,,,,,,
1,2,31,39,30,0,2,2,0,2,0,0,31,31,,,,,,,
1,3,28,31,20,0,3,7,2,1,0,0,28,28,,,,,,,
1,10,33,46,30,4,0,1,4,0,0,0,33,33,,,,,,,
1,3,24,49,20,1,2,1,3,0,0,0,24,24,,,,,,,
1,2,30,31,30,0,2,5,0,0,0,0,30,30,,,,,,,
1,2,21,21,20,2,0,7,1,1,0,0,21,21,,,,,,,
2,2,25,29,20,2,0,1,2,0,0,0,25,25,,,,,,,
1,2,37,76,30,0,2,1,2,0,0,0,37,37,,,,,,,
1,2,19,32,10,2,0,2,0,2,0,0,19,19,,,,,,,
1,2,22,23,20,2,0,1,2,0,0,0,22,22,,,,,,,
1,4,,,,2,0,3,0,0,2,0, , ,,,,,,,
1,3,,,,0,3,3,0,0,3,0,,,,,,,,,
1,4,17,23,10,2,2,7,0,1,3,0,17,17,,,,,,,
1,3,30,31,30,0,3,7,0,2,1,0,30,30,,,,,,,
1,2,16,33,10,1,1,2,0,2,0,0,16,16,,,,,,,
1,2,28,35,20,2,0,7,1,1,0,0,28,28,,,,,,,
1,6,32,33,30,4,2,1,6,0,0,0,32,32,,,,,,,
1,5,26,28,20,5,0,1,6,0,0,0,26,26,,,,,,,
1,3,32,57,30,1,2,2,0,3,0,0,32,32,,,,,,,
1,2,33,38,30,0,2,1,2,0,0,0,33,33,,,,,,,
1,9,31,35,30,0,9,1,9,0,0,0,31,31,,,,,,,
2,4,21,31,20,2,2,1,4,0,0,0,21,21,,,,,,,
2,3,46,49,40,2,1,1,3,0,0,0,46,46,,,,,,,
1,7,19,34,10,6,1,1,7,0,0,0,19,19,,,,,,,
1,3,,,,0,3,1,3,0,0,0, , ,,,,,,,
1,4,21,23,20,4,0,,,,,,21,21,,,,,,,
1,2,47,58,50,0,2,1,2,0,0,0,47,47,,,,,,,
1,3,31,31,30,3,0,2,0,3,0,0,31,31,,,,,,,
1,4,35,36,30,0,4,1,4,0,0,0,35,35,,,,,,,
2,4,26,26,20,3,1,7,0,3,1,0,26,26,,,,,,,
2,6,17,32,10,3,3,1,6,0,0,0,17,17,,,,,,,
1,6,22,25,20,0,6,1,6,0,0,0,22,22,,,,,,,
1,2,17,31,10,2,0,2,0,2,0,0,17,17,,,,,,,
1,3,25,26,20,1,2,7,2,1,0,0,25,25,,,,,,,
1,2,30,31,30,1,1,1,2,0,0,0,30,30,,,,,,,
2,4,,40,,,,1,4,0,0,0, , ,,,,,,,
1,2,20,32,20,1,,,,,,,20,20,,,,,,,
1,2,28,32,20,0,2,1,2,0,0,0,28,28,,,,,,,
1,2,,,,1,1,2,0,2,0,0,,,,,,,,,
1,2,38,38,30,0,2,7,1,1,0,0,38,38,,,,,,,
1,2,48,53,40,1,1,,,,,,48,48,,,,,,,
1,4,36,36,30,0,4,2,0,4,0,0,36,36,,,,,,,
1,2,32,45,30,0,2,1,2,0,0,0,32,32,,,,,,,
1,2,30,30,30,2,0,1,2,0,0,0,30,30,,,,,,,
1,5,40,49,40,5,0,1,5,0,0,0,40,40,,,,,,,
1,5,18,28,10,5,0,7,1,2,,,18,18,,,,,,,
1,2,19,36,10,0,2,,,1,,,19,19,,,,,,,
1,11,45,60,40,0,11,7,9,0,0,1,45,45,,,,,,,
1,3,26,49,20,1,2,1,2,,,,26,26,,,,,,,
1,5,34,35,30,0,2,1,2,0,0,0,34,34,,,,,,,
1,4,21,21,20,4,0,1,4,0,0,0,21,21,,,,,,,
1,2,27,30,20,1,1,,1,,0,0,27,27,,,,,,,
1,4,27,49,10,2,2,1,4,0,0,0,27,49,,,,,,,
1,2,22,24,20,2,0,1,2,0,0,0,22,22,,,,,,,
1,2,22,24,20,2,0,1,2,0,0,0,22,22,,,,,,,
2,4,,,,4,0,1,4,0,0,0, , ,,,,,,,
1,4,24,24,20,2,2,2,0,4,0,0,24,24,,,,,,,
1,2,20,25,20,1,1,1,2,0,0,0,20,20,,,,,,,
1,3,29,30,20,0,3,7,1,1,0,0,29,29,,,,,,,
1,8,25,27,20,0,8,7,7,1,0,0,25,25,,,,,,,
1,3,24,24,20,1,2,1,2,,,,24,24,,,,,,,
1,21,27,30,20,14,7,7,8,13,0,0,27,27,,,,,,,
1,16,32,54,30,1,15,2,0,16,0,0,32,32,,,,,,,
1,2,16,18,10,2,0,2,0,2,0,0,16,16,,,,,,,
1,2,24,24,20,2,0,1,2,0,0,0,24,24,,,,,,,
1,3,36,42,30,3,0,2,0,3,0,0,36,36,,,,,,,
1,4,17,21,10,4,0,7,0,3,1,0,17,17,,,,,,,
1,2,16,21,10,2,0,1,2,0,0,0,16,16,,,,,,,
1,2,21,21,20,2,0,7,1,0,1,0,21,21,,,,,,,
1,4,47,47,40,0,4,1,4,0,0,0,47,47,,,,,,,
1,2,24,34,20,2,0,1,2,0,0,0,24,24,,,,,,,
1,2,25,26,20,0,2,1,2,0,0,0,25,25,,,,,,,
1,2,38,38,30,2,0,1,2,0,0,0,38,38,,,,,,,
1,2,27,28,20,1,1,,1,,,,27,27,,,,,,,
1,2,22,23,20,2,0,2,0,2,0,0,22,22,,,,,,,
1,5,21,22,20,3,2,2,0,5,0,0,21,21,,,,,,,
1,4,39,54,30,2,2,,,,,,39,39,,,,,,,
2,4,26,26,20,3,1,1,4,0,0,0,26,26,,,,,,,
1,2,28,28,20,0,2,2,0,2,0,0,28,28,,,,,,,
1,2,22,25,20,2,0,1,2,0,0,0,22,22,,,,,,,
1,2,,,,2,0,7,1,1,0,0, , ,,,,,,,
2,3,18,18,10,2,1,1,3,0,0,0,18,18,,,,,,,
2,2,55,70,50,2,0,1,2,0,0,0,55,55,,,,,,,
1,2,14,20,10,2,0,7,0,1,1,0,14,14,,,,,,,
1,3,21,31,20,1,1,1,2,0,0,0,21,21,,,,,,,
1,2,18,28,10,2,0,1,2,0,0,0,18,18,,,,,,,
1,6,20,26,20,4,2,7,3,0,0,0,20,20,,,,,,,
1,5,29,31,20,2,1,4,0,0,0,5,29,29,,,,,,,
1,2,30,30,30,2,0,4,0,0,0,2,30,30,,,,,,,
1,4,44,48,40,4,0,1,4,0,0,0,44,44,,,,,,,
1,5,20,20,20,5,0,7,1,0,2,1,20,20,,,,,,,
2,7,14,14,10,4,3,1,7,0,0,0,14,14,,,,,,,
1,2,15,20,10,1,1,1,2,0,0,0,15,15,,,,,,,
1,3,33,33,30,0,3,1,3,0,0,0,33,33,,,,,,,
1,4,40,47,40,,,4,0,0,0,4,40,40,,,,,,,
1,2,27,29,20,2,0,4,0,0,0,2,27,27,,,,,,,
1,,,,,,,4,,,,, , ,,,,,,,
2,2,34,34,30,,,4,0,0,0,2,34,34,,,,,,,
1,,,,,,,4,,,,, , ,,,,,,,
1,2,44,44,40,0,2,4,0,0,0,2,44,44,,,,,,,
1,7,17,35,10,0,7,4,0,0,0,7,17,34,,,,,,,
1,3,36,39,30,,,4,,,,,36,36,,,,,,,
2,2,36,37,30,1,1,1,2,0,0,0,36,36,,,,,,,
1,2,24,36,20,2,0,2,0,2,0,0,24,24,,,,,,,
1,28,17,23,10,20,8,1,28,0,0,0,17,17,,,,,,,
1,2,29,30,20,0,2,1,2,0,0,0,29,29,,,,,,,
1,12,51,51,50,,,4,0,0,0,10,37,51,,,,,,,
1,6,34,34,30,0,6,4,0,0,0,6,34,34,,,,,,,
1,11,33,47,30,8,3,1,11,0,0,0,33,39,,,,,,,
1,9,34,44,30,0,9,1,9,0,0,0,34,34,,,,,,,
2,4,,,,,,1,4,0,0,0, , ,,,,,,,
1,33,29,36,20,33,0,1,33,0,0,0,29,29,,,,,,,
1,2,16,19,10,2,0,1,2,0,0,0,16,16,,,,,,,
1,3,22,30,20,2,1,7,2,0,1,0,22,22,,,,,,,
2,17,30,38,30,0,17,1,17,0,0,0,30,30,,,,,,,
1,6,24,25,20,6,0,4,0,0,0,6,24,24,,,,,,,
1,6,24,24,20,4,2,7,2,0,4,0,24,24,,,,,,,
1,6,21,21,20,2,4,7,4,,,1,21,21,,,,,,,
1,2,31,31,30,0,2,1,2,0,0,0,31,31,,,,,,,
1,28,28,53,20,,0,1,28,0,0,0,28,28,,,,,,,
2,10,21,24,20,1,9,1,10,0,0,0,21,21,,,,,,,
1,3,26,26,20,3,0,1,2,0,0,0,26,26,,,,,,,
1,10,32,34,30,1,9,1,10,0,0,0,32,32,,,,,,,
1,3,25,38,20,2,1,1,3,0,0,0,25,25,,,,,,,
1,2,31,39,30,0,2,2,0,2,0,0,31,31,,,,,,,
1,2,27,34,20,2,0,2,0,2,0,0,27,27,,,,,,,
2,3,,,,2,1,1,3,0,0,0, , ,,,,,,,
1,6,38,38,30,5,1,1,6,0,0,0,38,38,,,,,,,
2,2,15,38,10,2,0,,,1,0,0,15,15,,,,,,,
1,2,29,33,20,0,2,2,0,2,0,0,29,29,,,,,,,
1,11,24,38,20,0,11,4,0,0,0,11,24,24,,,,,,,
1,138,35,42,30,138,0,3,0,0,138,0,35,35,,,,,,,
1,2,25,25,20,2,0,,,,1,0,25,25,,,,,,,
1,4,34,39,30,2,2,1,4,0,0,0,34,34,,,,,,,
2,2,18,32,10,1,1,7,1,0,1,0,18,18,,,,,,,
1,3,17,17,10,3,0,3,0,0,3,0,17,17,,,,,,,
1,2,34,34,30,0,2,1,2,0,0,0,34,34,,,,,,,
1,2,24,29,20,2,0,7,1,0,1,0,24,24,,,,,,,
1,2,,,,2,0,3,0,0,2,0, , ,,,,,,,
1,9,23,23,20,7,2,7,1,0,8,0,23,23,,,,,,,
1,3,19,19,10,2,1,1,3,0,0,0,19,19,,,,,,,
1,2,29,30,20,0,2,1,2,0,0,0,29,29,,,,,,,
1,3,24,24,20,2,1,1,3,0,0,0,24,24,,,,,,,
1,2,23,24,20,2,0,1,2,0,0,0,23,23,,,,,,,
1,3,65,68,60,0,3,1,3,0,0,0,65,65,,,,,,,
1,3,23,26,20,0,3,1,3,0,0,0,23,23,,,,,,,
1,3,17,29,10,0,3,7,2,0,1,0,17,17,,,,,,,
1,4,,,,2,2,1,5,0,0,0, , ,,,,,,,
1,2,19,21,10,2,0,2,0,2,0,0,19,19,,,,,,,
1,2,21,21,20,2,0,2,0,2,0,0,21,21,,,,,,,
1,2,31,31,30,2,0,2,0,2,0,0,31,31,,,,,,,
1,3,13,29,10,2,1,1,3,0,0,0,13,13,,,,,,,
1,5,37,37,30,2,3,1,5,0,0,0,37,37,,,,,,,
1,9,17,25,10,0,9,1,9,0,0,0,17,24,,,,,,,
1,2,34,,30,0,2,7,1,1,0,0,34,34,,,,,,,
1,7,33,35,30,7,0,3,0,0,7,0,33,33,,,,,,,
1,2,20,26,20,2,0,,,,1,,20,20,,,,,,,
1,10,19,19,10,6,4,3,0,0,10,0,19,19,,,,,,,
1,3,19,22,10,2,1,1,3,0,0,0,19,19,,,,,,,
1,20,20,49,20,8,12,7,17,2,0,0,20,37,,,,,,,
1,3,20,54,20,0,3,1,3,0,0,0,20,20,,,,,,,
2,2,29,38,20,2,0,1,2,0,0,0,29,29,,,,,,,
1,2,24,24,20,1,1,7,1,1,0,0,24,24,,,,,,,
1,8,50,50,50,8,0,1,8,0,0,0,50,50,,,,,,,
1,2,47,50,40,2,0,1,2,0,0,0,47,47,,,,,,,
1,3,60,66,60,0,3,7,0,2,1,0,60,60,,,,,,,
2,9,14,20,10,6,3,4,0,0,0,9,14,14,,,,,,,
1,5,36,,30,2,3,1,5,0,0,0,36,36,,,,,,,
1,5,16,40,10,3,2,2,0,5,0,0,16,16,,,,,,,
1,3,19,52,10,2,1,1,3,0,0,0,19,19,,,,,,,
1,3,21,34,20,0,3,7,2,1,0,0,21,21,,,,,,,
1,10,28,31,20,0,10,7,4,5,1,0,28,28,,,,,,,
2,4,49,51,40,4,0,1,4,0,0,0,49,49,,,,,,,
1,2,42,61,40,1,1,1,2,0,0,0,42,42,,,,,,,
1,3,,,,0,3,1,3,0,0,0, , ,,,,,,,
1,9,27,28,20,1,8,7,3,4,1,1,27,27,,,,,,,
1,12,31,33,30,12,0,4,0,0,0,12,31,31,,,,,,,
1,2,23,23,20,2,0,1,2,0,0,0,23,23,,,,,,,
2,3,48,48,40,3,0,1,3,0,0,0,48,48,,,,,,,
1,2,48,51,40,0,2,1,2,0,0,0,48,48,,,,,,,
1,2,29,29,20,2,0,1,2,0,0,0,29,29,,,,,,,
1,5,25,25,20,0,5,,,,,,25,25,,,,,,,
1,964,,,,,,1,964,0,0,0, , ,,,,,,,
1,2,28,28,20,1,1,7,1,0,1,0,28,28,,,,,,,
1,4,36,39,30,,,1,4,0,0,0,36,36,,,,,,,
1,2,21,32,20,2,0,1,2,0,0,0,21,21,,,,,,,
1,6,24,39,20,0,6,1,6,0,0,0,24,24,,,,,,,
1,3,22,22,20,1,2,1,3,0,0,0,22,22,,,,,,,
1,7,28,35,20,0,7,1,7,0,0,0,28,28,,,,,,,
1,5,18,24,10,1,4,1,5,0,0,0,18,18,,,,,,,
1,6,30,30,30,0,6,2,0,6,0,0,30,30,,,,,,,
1,6,28,33,20,2,4,1,6,0,0,0,28,28,,,,,,,
1,7,27,34,20,5,2,1,7,0,0,0,27,27,,,,,,,
1,3,18,29,10,0,3,1,3,0,0,0,18,18,,,,,,,
1,6,34,35,30,3,,7,4,0,0,2,34,34,,,,,,,
2,2,56,56,20,2,0,3,0,0,3,0,56,56,,,,,,,
1,2,17,17,10,1,1,1,2,0,0,0,17,17,,,,,,,
1,3,24,29,20,1,2,7,2,1,0,0,24,24,,,,,,,
2,5,33,34,30,5,0,1,5,0,0,0,33,33,,,,,,,
1,2,27,40,20,2,0,2,0,2,0,0,27,27,,,,,,,
2,2,,,,2,0,1,2,0,0,0, , ,,,,,,,
1,2,13,20,10,1,1,7,1,1,0,0,13,13,,,,,,,
1,7,26,40,20,4,3,7,1,3,1,0,21,21,,,,,,,
1,7,,,,5,2,1,7,0,0,0, , ,,,,,,,
1,3,45,54,40,0,3,1,3,0,0,0,45,45,,,,,,,
1,2,24,54,20,0,2,1,2,0,0,0,24,24,,,,,,,
2,16,30,50,30,9,7,1,16,0,0,0,30,30,,,,,,,
2,4,30,30,30,1,2,1,4,0,0,0,30,30,,,,,,,
2,4,27,28,20,4,0,1,4,0,0,0,27,27,,,,,,,
1,4,22,22,20,1,3,1,4,0,0,0,22,22,,,,,,,
1,5,20,20,20,0,5,1,5,0,0,0,20,20,,,,,,,
1,2,27,27,20,0,2,1,2,0,0,0,27,27,,,,,,,
1,4,16,32,10,0,4,7,2,,1,,16,32,,,,,,,
1,4,26,63,20,2,2,1,4,0,0,0,26,26,,,,,,,
1,2,29,32,20,1,1,7,1,0,1,0,29,29,,,,,,,
1,6,21,25,20,6,0,1,6,0,0,0,21,21,,,,,,,
1,3,25,25,20,0,3,1,3,0,0,0,25,25,,,,,,,
1,8,29,39,20,0,8,7,4,4,0,0,29,29,,,,,,,
1,2,35,35,30,2,0,1,2,0,0,0,35,35,,,,,,,
1,5,33,34,30,2,3,7,3,2,0,0,33,33,,,,,,,
1,3,35,35,30,1,2,2,0,3,0,0,35,35,,,,,,,
1,13,26,42,20,0,13,7,10,3,0,0,26,26,,,,,,,
1,5,26,35,20,2,3,1,5,0,0,0,26,26,,,,,,,
1,2,21,22,20,0,2,1,2,0,0,0,21,21,,,,,,,
2,2,,,,2,0,3,0,0,2,0, , ,,,,,,,
1,2,37,43,30,1,1,1,2,0,0,0,37,37,,,,,,,
1,,,69,,,,4,0,0,0,, , ,,,,,,,
1,4,26,26,20,0,4,4,0,0,0,4,26,26,,,,,,,
1,2,24,39,20,0,2,1,2,0,0,0,24,24,,,,,,,
1,7,31,34,30,0,7,1,7,0,0,0,31,31,,,,,,,
1,7,21,30,20,1,6,1,7,0,0,0,21,21,,,,,,,
1,4,30,30,30,0,4,7,3,0,1,0,30,30,,,,,,,
1,4,42,42,40,0,4,5,0,0,0,0,42,42,,,,,,,
1,2,23,23,20,2,0,2,0,2,0,0,23,23,,,,,,,
1,3,37,40,30,3,0,7,2,1,0,0,37,37,,,,,,,
1,2,49,49,40,0,2,7,1,1,0,0,49,49,,,,,,,
1,2,17,32,10,2,0,7,1,1,0,0,17,17,,,,,,,
1,3,18,18,10,2,1,1,3,0,0,0,18,18,,,,,,,
1,15,,,,10,4,7,14,1,0,0, , ,,,,,,,
1,6,56,56,50,0,6,1,6,0,0,0,56,56,,,,,,,
1,5,37,37,30,5,0,1,5,0,0,0,37,37,,,,,,,
1,3,28,28,20,0,3,1,3,0,0,0,28,28,,,,,,,
2,4,,,,4,0,1,4,0,0,0, , ,,,,,,,
1,4,9,16,0,2,1,3,0,0,4,0,9,15,,,,,,,
2,5,26,26,20,2,3,1,5,0,0,0,26,26,,,,,,,
1,4,23,24,20,0,4,1,4,0,0,0,23,23,,,,,,,
1,3,28,28,20,0,3,1,3,0,0,0,28,28,,,,,,,
1,3,36,37,30,3,0,1,3,0,0,0,36,36,,,,,,,
1,2,18,18,10,0,2,1,2,0,0,0,18,18,,,,,,,
1,3,18,22,10,0,3,1,2,0,0,0,18,18,,,,,,,
2,2,68,74,60,2,0,1,2,0,0,0,68,68,,,,,,,
1,3,22,22,20,0,3,1,3,0,0,0,22,22,,,,,,,
1,7,21,27,20,6,1,1,5,,,,21,21,,,,,,,
1,11,26,32,20,11,0,1,11,0,0,0,26,26,,,,,,,
1,4,18,35,10,4,0,1,4,0,0,0,18,18,,,,,,,
1,5,,,,5,0,3,0,0,5,0, , ,,,,,,,
1,6,30,40,30,0,6,3,0,0,6,0,30,30,,,,,,,
1,2,31,45,30,2,0,1,2,0,0,0,31,31,,,,,,,
1,9,26,27,20,9,0,,4,,,,26,26,,,,,,,
1,5,27,27,20,5,0,7,0,0,4,1,27,27,,,,,,,
1,3,21,22,20,0,3,3,0,0,3,0,21,21,,,,,,,
1,6,32,33,30,,,4,0,0,0,6,32,32,,,,,,,
1,3,29,32,20,0,3,7,1,,,0,29,29,,,,,,,
2,91,,,,0,91,3,0,0,91,0, , ,,,,,,,
2,91,,,,0,91,3,0,0,91,0, , ,,,,,,,
1,4,23,23,20,2,2,1,4,0,0,0,23,23,,,,,,,
1,7,25,28,20,7,0,7,1,0,5,1,25,25,,,,,,,
2,20,40,42,40,,,3,0,0,20,0,40,40,,,,,,,
1,4,42,45,40,0,4,3,0,0,4,0,42,42,,,,,,,
1,2,21,21,20,2,0,1,2,0,0,0,21,21,,,,,,,
1,3,17,22,10,3,0,,1,,,,17,17,,,,,,,
1,2,17,48,10,2,0,2,0,2,0,0,17,17,,,,,,,
1,2,35,35,30,2,0,4,0,0,0,2,35,35,,,,,,,
1,5,30,30,30,5,0,1,3,0,0,0,30,30,,,,,,,
1,3,25,32,20,2,1,2,0,3,0,0,25,25,,,,,,,
1,4,20,44,20,1,3,1,3,0,0,0,20,20,,,,,,,
2,2,43,44,40,1,1,1,2,0,0,0,43,43,,,,,,,
1,4,20,22,20,3,1,2,0,4,0,0,20,20,,,,,,,
1,2,21,37,10,2,0,2,0,1,0,0,21,21,,,,,,,
1,3,,,,0,0,,,,,, , ,,,,,,,
1,3,21,34,20,0,3,7,2,1,0,0,21,21,,,,,,,
1,5,44,45,40,0,5,7,1,1,2,0,44,44,,,,,,,
1,6,27,29,20,0,6,7,4,0,0,2,27,27,,,,,,,
1,2,24,24,20,0,2,1,2,0,0,0,24,24,,,,,,,
2,4,19,25,10,1,3,1,4,0,0,0,19,19,,,,,,,
1,2,28,29,20,0,2,2,0,2,0,0,28,28,,,,,,,
1,2,24,28,20,0,2,1,2,0,0,0,24,24,,,,,,,
1,8,38,68,30,,1,7,,,,1,38,38,,,,,,,
1,3,45,49,40,2,2,1,4,0,0,0,45,45,,,,,,,
2,2,,,,2,0,1,2,0,0,0, , ,,,,,,,
1,6,19,23,10,3,3,1,6,0,0,0,19,19,,,,,,,
1,5,42,42,40,4,1,4,0,0,0,5,42,42,,,,,,,
2,15,28,42,20,8,7,1,15,0,0,0,28,28,,,,,,,
1,9,41,41,40,1,8,7,2,1,5,1,41,41,,,,,,,
1,3,25,26,20,1,1,2,0,2,0,0,25,25,,,,,,,
1,42,17,26,10,3,39,1,42,0,0,0,17,17,,,,,,,
1,2,30,30,30,2,0,7,1,1,0,0,30,30,,,,,,,
2,5,29,39,20,2,3,1,5,0,0,0,29,29,,,,,,,
1,3,23,23,20,1,2,1,3,0,0,0,23,23,,,,,,,
2,5,23,23,20,0,5,1,5,0,0,0,23,23,,,,,,,
1,7,28,28,20,0,6,2,0,7,0,0,28,28,,,,,,,
1,7,40,40,40,7,0,1,7,0,0,0,40,40,,,,,,,
1,14,14,24,10,0,14,3,0,0,14,0,14,14,,,,,,,
1,4,24,26,20,4,0,1,4,0,0,0,24,24,,,,,,,
1,26,22,23,20,26,0,1,26,0,0,0,22,22,,,,,,,
1,3,51,52,50,1,2,2,0,3,0,0,51,51,,,,,,,
1,4,18,19,10,2,2,1,4,0,0,0,18,18,,,,,,,
1,4,26,30,20,4,0,1,4,0,0,0,26,26,,,,,,,
1,3,36,36,30,0,3,1,3,0,0,0,36,36,,,,,,,
1,7,23,28,20,7,0,2,0,7,0,0,23,23,,,,,,,
1,7,24,24,20,1,6,2,0,7,0,0,24,24,,,,,,,
1,2,30,31,30,1,1,7,1,1,0,0,30,30,,,,,,,
1,5,39,40,30,0,5,1,5,0,0,0,39,39,,,,,,,
1,2,14,18,10,2,0,7,1,1,0,0,14,14,,,,,,,
1,2,29,29,20,0,2,7,1,1,0,0,29,29,,,,,,,
1,3,27,27,20,1,2,7,1,2,0,0,27,27,,,,,,,
2,3,36,36,30,0,3,1,3,0,0,0,36,36,,,,,,,
1,2,18,26,10,0,2,1,2,0,0,0,18,18,,,,,,,
2,3,27,49,20,3,0,2,0,3,0,0,27,27,,,,,,,
1,19,16,27,10,19,0,7,0,17,2,0,16,16,,,,,,,
1,2,16,16,10,1,1,7,1,1,0,0,16,16,,,,,,,
1,6,21,38,20,5,1,1,6,0,0,0,21,21,,,,,,,
1,2,60,61,60,1,1,1,2,0,0,0,60,60,,,,,,,
1,9,28,28,20,2,7,7,5,4,0,0,28,28,,,,,,,
1,2,20,20,20,0,2,1,2,0,0,0,20,20,,,,,,,
1,2,25,31,20,2,0,1,2,0,0,0,25,25,,,,,,,
2,2,57,58,50,1,1,1,2,0,0,0,57,57,,,,,,,
1,3,25,25,20,0,4,1,4,0,0,0,16,25,,,,,,,
1,2,20,22,20,2,0,2,0,2,0,0,20,20,,,,,,,
1,2,35,37,30,1,1,1,2,0,0,0,35,35,,,,,,,
1,5,23,23,20,5,0,2,0,5,0,0,23,23,,,,,,,
1,3,24,24,20,3,0,2,0,3,0,0,24,24,,,,,,,
1,5,24,49,20,1,4,2,0,5,0,0,24,24,,,,,,,
1,7,20,26,20,6,1,7,1,3,,,20,20,,,,,,,
1,12,21,22,20,9,3,1,12,0,0,0,21,21,,,,,,,
1,2,25,44,20,1,1,1,2,0,0,0,25,25,,,,,,,
1,4,24,26,20,2,2,1,4,0,0,0,24,24,,,,,,,
1,3,21,25,20,2,,7,2,1,,,21,21,,,,,,,
2,2,24,24,20,1,1,1,2,0,0,0,24,24,,,,,,,
1,2,29,30,20,0,2,,1,,,,29,29,,,,,,,
1,4,,,,,,,,,,, , ,,,,,,,
1,7,24,29,20,4,3,1,7,0,0,0,24,24,,,,,,,
1,4,38,38,30,3,1,1,4,0,0,0,38,38,,,,,,,
1,2,36,36,30,2,0,1,2,0,0,0,36,36,,,,,,,
2,3,18,20,10,1,2,1,3,0,0,0,18,18,,,,,,,
1,4,,,,4,0,1,4,0,0,0, , ,,,,,,,
1,2,30,44,30,1,1,1,2,0,0,0,30,30,,,,,,,
1,3,42,44,40,0,3,1,3,0,0,0,42,42,,,,,,,
1,11,21,31,20,11,0,7,4,,2,,21,21,,,,,,,
1,2,39,39,30,0,2,1,2,0,0,0,39,39,,,,,,,
1,5,18,43,10,0,5,7,3,0,0,1,18,32,,,,,,,
1,14,14,14,10,0,14,1,14,0,0,0,14,14,,,,,,,
1,17,22,22,20,11,6,7,16,0,1,0,22,22,,,,,,,
1,2,23,24,20,0,2,1,2,0,0,0,23,23,,,,,,,
1,3,21,21,20,0,3,1,3,0,0,0,21,21,,,,,,,
1,4,19,23,10,4,0,1,4,0,0,0,19,19,,,,,,,
1,2,21,40,20,0,2,7,1,0,0,0,21,21,,,,,,,
1,8,27,29,20,0,8,2,0,8,0,0,27,27,,,,,,,
1,3,23,24,20,2,1,7,1,0,2,0,23,23,,,,,,,
1,3,22,30,20,3,0,7,2,1,0,0,22,22,,,,,,,
1,3,39,40,30,0,3,1,3,0,0,0,39,39,,,,,,,
1,4,22,28,20,4,0,1,4,0,0,0,22,22,,,,,,,
2,3,45,47,40,0,3,1,3,0,0,0,45,45,,,,,,,
1,4,42,52,40,0,4,1,4,0,0,0,42,42,,,,,,,
2,4,24,24,20,3,1,7,3,1,0,0,24,24,,,,,,,
2,4,57,61,50,1,3,1,4,0,0,0,57,57,,,,,,,
1,3,27,39,20,3,0,1,3,0,0,0,27,27,,,,,,,
1,4,31,40,30,0,4,1,4,0,0,0,31,31,,,,,,,
2,4,48,49,40,2,2,1,4,0,0,0,48,48,,,,,,,
1,4,16,28,10,0,4,1,4,0,0,0,16,28,,,,,,,
1,5,,39,,0,5,1,5,0,0,0,,,,,,,,,
1,2,26,26,20,0,2,1,2,0,0,0,26,26,,,,,,,
1,2,35,37,30,0,2,1,2,0,0,0,35,35,,,,,,,
1,3,24,24,20,3,0,2,0,3,0,0,24,24,,,,,,,
1,6,27,64,20,1,5,1,6,0,0,0,27,27,,,,,,,
1,5,42,44,40,2,3,3,0,0,5,0,42,42,,,,,,,
1,50,47,58,40,0,50,1,50,0,0,0,47,47,,,,,,,
1,16,24,34,20,0,16,7,8,5,3,0,24,24,,,,,,,
2,49,19,25,10,,,1,49,0,0,0,19,19,,,,,,,
1,4,21,46,20,0,4,1,4,0,0,0,21,21,,,,,,,
1,8,31,47,30,,,1,8,0,0,0,31,31,,,,,,,
1,5,53,57,50,5,0,1,5,0,0,0,53,53,,,,,,,
1,3,26,61,20,2,1,7,1,1,,,26,26,,,,,,,
1,21,40,68,40,0,21,3,0,0,21,0,40,40,,,,,,,
1,2,22,43,20,2,0,7,1,0,1,0,22,22,,,,,,,
1,3,18,19,10,3,0,3,0,0,3,0,18,18,,,,,,,
1,4,39,39,30,3,1,7,,,1,1,39,39,,,,,,,
1,3,22,25,20,0,3,7,2,1,0,0,22,22,,,,,,,
1,2,35,35,30,2,0,7,1,1,0,0,35,35,,,,,,,
1,18,28,40,20,0,18,1,18,0,0,0,28,28,,,,,,,
1,8,41,41,40,,,8,0,0,0,0,41,41,,,,,,,
1,2,25,53,20,1,1,2,0,2,0,0,25,25,,,,,,,
2,4,29,39,20,4,0,1,4,0,0,0,29,29,,,,,,,
1,3,33,35,30,0,3,2,0,3,0,0,33,33,,,,,,,
1,5,41,41,40,1,3,3,0,0,5,0,41,41,,,,,,,
1,2,35,39,30,2,0,,1,,,,35,35,,,,,,,
1,2,30,47,30,2,0,7,1,1,0,0,30,30,,,,,,,
1,27,14,17,10,27,0,4,0,0,0,27,14,14,,,,,,,
2,27,,,,27,0,4,0,0,0,27, , ,,,,,,,
1,3,40,40,40,0,3,7,2,1,0,0,40,40,,,,,,,
2,41,37,48,30,36,5,1,41,0,0,0,37,37,,,,,,,
1,10,22,27,20,0,10,1,10,0,0,0,22,22,,,,,,,
1,2,29,29,20,2,0,1,2,0,0,0,29,29,,,,,,,
1,4,33,35,30,0,4,,,,1,,33,33,,,,,,,
1,2,24,26,20,1,1,1,2,0,0,0,24,24,,,,,,,
1,6,26,30,20,0,6,1,6,0,0,0,26,26,,,,,,,
1,4,25,29,20,0,4,1,4,0,0,0,25,25,,,,,,,
2,4,38,41,30,4,0,3,0,0,4,0,39,39,,,,,,,
1,2,37,37,30,1,1,1,2,0,0,0,37,37,,,,,,,
1,3,19,19,10,3,0,3,0,0,3,0,19,19,,,,,,,
1,2,17,27,10,2,0,7,1,1,0,0,17,17,,,,,,,
1,2,21,21,20,2,0,1,2,0,0,0,21,21,,,,,,,
1,6,16,29,10,2,4,3,0,0,6,0,16,22,,,,,,,
1,5,,,,,,1,5,0,0,0, , ,,,,,,,
1,10,22,49,20,9,1,1,10,0,0,0,22,22,,,,,,,
2,6,,,,0,6,1,6,0,0,0, , ,,,,,,,
1,27,38,44,30,27,0,1,27,0,0,0,38,38,,,,,,,
1,4,56,74,50,2,2,1,4,0,0,0,56,56,,,,,,,
1,3,26,26,20,3,0,2,0,3,0,0,26,26,,,,,,,
1,3,28,32,20,0,3,1,3,0,0,0,28,28,,,,,,,
1,3,,,,0,3,,,,0,0, , ,,,,,,,
1,3,22,22,20,3,0,4,0,0,0,3,22,22,,,,,,,
1,9,39,42,30,9,0,1,9,0,0,0,39,39,,,,,,,
1,3,50,51,50,3,0,1,3,0,0,0,50,50,,,,,,,
1,2,30,35,30,1,1,1,2,0,0,0,30,30,,,,,,,
1,2,20,48,20,0,2,1,2,0,0,0,20,20,,,,,,,
1,10,29,34,20,0,10,1,10,0,0,0,29,29,,,,,,,
1,4,18,18,10,4,0,4,0,0,0,4,18,18,,,,,,,
1,3,17,19,10,3,0,1,3,0,0,0,17,17,,,,,,,
1,6,19,24,10,5,1,7,1,5,0,0,19,19,,,,,,,
1,6,20,27,20,6,0,1,6,0,0,0,20,20,,,,,,,
1,2,24,24,20,0,2,7,1,1,0,0,24,24,,,,,,,
2,5,26,31,20,5,0,1,5,0,0,0,26,26,,,,,,,
1,6,35,39,30,4,2,1,6,0,0,0,35,35,,,,,,,
1,7,20,33,20,4,3,1,7,0,0,0,20,20,,,,,,,
2,3,40,57,40,3,0,1,3,0,0,0,40,40,,,,,,,
1,3,24,38,20,1,2,1,3,0,0,0,24,24,,,,,,,
1,7,32,32,30,2,5,1,7,0,0,0,32,32,,,,,,,
1,2,22,22,20,1,1,1,2,0,0,0,22,22,,,,,,,
1,5,27,27,20,0,5,1,5,0,0,0,27,27,,,,,,,
1,2,23,23,20,2,0,,,1,,,23,23,,,,,,,
1,16,46,50,40,11,5,7,3,0,0,0,46,46,,,,,,,
1,3,30,33,30,1,2,1,3,0,0,0,30,30,,,,,,,
1,8,18,20,10,0,8,7,3,,,1,18,18,,,,,,,
1,8,22,24,20,0,8,7,3,,,1,22,22,,,,,,,
1,5,53,53,50,3,2,1,5,0,0,0,53,53,,,,,,,
1,3,25,26,20,1,2,1,3,0,0,0,25,25,,,,,,,
1,2,19,50,10,2,0,7,1,1,0,0,19,19,,,,,,,
1,2,21,21,20,2,0,1,2,0,0,0,21,21,,,,,,,
1,2,25,25,20,0,2,2,0,2,0,0,25,25,,,,,,,
1,4,25,32,20,4,0,2,0,4,0,0,25,25,,,,,,,
1,2,29,31,20,0,2,1,2,0,0,0,29,29,,,,,,,
